{
  "prompts": {
    "1": {
      "total": 669,
      "exact": 139,
      "tolerance": 391,
      "exact_ratio": 0.2077727952167414,
      "tolerance_ratio": 0.5844544095665172
    },
    "2": {
      "total": 675,
      "exact": 142,
      "tolerance": 388,
      "exact_ratio": 0.21037037037037037,
      "tolerance_ratio": 0.5748148148148148
    },
    "3": {
      "total": 670,
      "exact": 144,
      "tolerance": 400,
      "exact_ratio": 0.21492537313432836,
      "tolerance_ratio": 0.5970149253731343
    }
  },
  "average_exact_ratio": 0.21102284624048004,
  "average_tolerance_ratio": 0.5854280499181553,
  "most_consistent_prompt": "3",
  "max_tolerance_ratio": 0.5970149253731343
}