{
  "average_scores": {
    "full_match_rate": 0.007777777777777778,
    "tolerance_match_rate": 0.052222222222222225,
    "format_match_rate": 0.9244444444444445,
    "gengo_match_rate": 0.24
  },
  "max_scores": {
    "full_match_rate": {
      "value": 0.01,
      "prompt_numbers": [
        "3"
      ]
    },
    "tolerance_match_rate": {
      "value": 0.06666666666666667,
      "prompt_numbers": [
        "3"
      ]
    },
    "format_match_rate": {
      "value": 0.9666666666666667,
      "prompt_numbers": [
        "2"
      ]
    },
    "gengo_match_rate": {
      "value": 0.34,
      "prompt_numbers": [
        "2"
      ]
    }
  },
  "all_prompt_metrics": {
    "1": {
      "num_samples": 300,
      "full_match_rate": 0.006666666666666667,
      "tolerance_match_rate": 0.02666666666666667,
      "format_match_rate": 0.8766666666666667,
      "gengo_match_rate": 0.15
    },
    "2": {
      "num_samples": 300,
      "full_match_rate": 0.006666666666666667,
      "tolerance_match_rate": 0.06333333333333334,
      "format_match_rate": 0.9666666666666667,
      "gengo_match_rate": 0.34
    },
    "3": {
      "num_samples": 300,
      "full_match_rate": 0.01,
      "tolerance_match_rate": 0.06666666666666667,
      "format_match_rate": 0.93,
      "gengo_match_rate": 0.23
    }
  }
}