{
  "average_scores": {
    "full_match_rate": 0.0011111111111111111,
    "tolerance_match_rate": 0.03333333333333333,
    "format_match_rate": 0.92,
    "gengo_match_rate": 0.07666666666666667
  },
  "max_scores": {
    "full_match_rate": {
      "value": 0.0033333333333333335,
      "prompt_numbers": [
        "1"
      ]
    },
    "tolerance_match_rate": {
      "value": 0.04,
      "prompt_numbers": [
        "1"
      ]
    },
    "format_match_rate": {
      "value": 0.9766666666666667,
      "prompt_numbers": [
        "2"
      ]
    },
    "gengo_match_rate": {
      "value": 0.10333333333333333,
      "prompt_numbers": [
        "1"
      ]
    }
  },
  "all_prompt_metrics": {
    "1": {
      "num_samples": 300,
      "full_match_rate": 0.0033333333333333335,
      "tolerance_match_rate": 0.04,
      "format_match_rate": 0.8533333333333334,
      "gengo_match_rate": 0.10333333333333333
    },
    "2": {
      "num_samples": 300,
      "full_match_rate": 0.0,
      "tolerance_match_rate": 0.02666666666666667,
      "format_match_rate": 0.9766666666666667,
      "gengo_match_rate": 0.056666666666666664
    },
    "3": {
      "num_samples": 300,
      "full_match_rate": 0.0,
      "tolerance_match_rate": 0.03333333333333333,
      "format_match_rate": 0.93,
      "gengo_match_rate": 0.07
    }
  }
}