{
  "average_scores": {
    "full_match_rate": 0.0033333333333333335,
    "tolerance_match_rate": 0.03555555555555556,
    "format_match_rate": 0.9144444444444444,
    "gengo_match_rate": 0.1863888888888889
  },
  "max_scores": {
    "full_match_rate": {
      "value": 0.004166666666666667,
      "prompt_numbers": [
        "3"
      ]
    },
    "tolerance_match_rate": {
      "value": 0.04,
      "prompt_numbers": [
        "3"
      ]
    },
    "format_match_rate": {
      "value": 0.9566666666666667,
      "prompt_numbers": [
        "2"
      ]
    },
    "gengo_match_rate": {
      "value": 0.20916666666666667,
      "prompt_numbers": [
        "2"
      ]
    }
  },
  "all_prompt_metrics": {
    "1": {
      "num_samples": 4,
      "full_match_rate": 0.0025,
      "tolerance_match_rate": 0.03166666666666667,
      "format_match_rate": 0.8775000000000001,
      "gengo_match_rate": 0.16666666666666669
    },
    "2": {
      "num_samples": 4,
      "full_match_rate": 0.0033333333333333335,
      "tolerance_match_rate": 0.035,
      "format_match_rate": 0.9566666666666667,
      "gengo_match_rate": 0.20916666666666667
    },
    "3": {
      "num_samples": 4,
      "full_match_rate": 0.004166666666666667,
      "tolerance_match_rate": 0.04,
      "format_match_rate": 0.9091666666666667,
      "gengo_match_rate": 0.18333333333333335
    }
  }
}