{
  "average_scores": {
    "full_match_rate": 0.0044444444444444444,
    "tolerance_match_rate": 0.016666666666666666,
    "format_match_rate": 0.9333333333333332,
    "gengo_match_rate": 0.19555555555555557
  },
  "max_scores": {
    "full_match_rate": {
      "value": 0.006666666666666667,
      "prompt_numbers": [
        "2",
        "3"
      ]
    },
    "tolerance_match_rate": {
      "value": 0.02,
      "prompt_numbers": [
        "3"
      ]
    },
    "format_match_rate": {
      "value": 0.96,
      "prompt_numbers": [
        "2"
      ]
    },
    "gengo_match_rate": {
      "value": 0.20666666666666667,
      "prompt_numbers": [
        "2"
      ]
    }
  },
  "all_prompt_metrics": {
    "1": {
      "num_samples": 300,
      "full_match_rate": 0.0,
      "tolerance_match_rate": 0.013333333333333334,
      "format_match_rate": 0.9166666666666666,
      "gengo_match_rate": 0.2
    },
    "2": {
      "num_samples": 300,
      "full_match_rate": 0.006666666666666667,
      "tolerance_match_rate": 0.016666666666666666,
      "format_match_rate": 0.96,
      "gengo_match_rate": 0.20666666666666667
    },
    "3": {
      "num_samples": 300,
      "full_match_rate": 0.006666666666666667,
      "tolerance_match_rate": 0.02,
      "format_match_rate": 0.9233333333333333,
      "gengo_match_rate": 0.18
    }
  }
}