{
  "average_scores": {
    "full_match_rate": 0.24444444444444446,
    "tolerance_match_rate": 0.3788888888888889,
    "format_match_rate": 1.0,
    "gengo_match_rate": 0.7455555555555556
  },
  "max_scores": {
    "full_match_rate": {
      "value": 0.28,
      "prompt_numbers": [
        "1"
      ]
    },
    "tolerance_match_rate": {
      "value": 0.38333333333333336,
      "prompt_numbers": [
        "3"
      ]
    },
    "format_match_rate": {
      "value": 1.0,
      "prompt_numbers": [
        "1",
        "2",
        "3"
      ]
    },
    "gengo_match_rate": {
      "value": 0.7666666666666667,
      "prompt_numbers": [
        "3"
      ]
    }
  },
  "all_prompt_metrics": {
    "1": {
      "num_samples": 300,
      "full_match_rate": 0.28,
      "tolerance_match_rate": 0.38,
      "format_match_rate": 1.0,
      "gengo_match_rate": 0.7333333333333333
    },
    "2": {
      "num_samples": 300,
      "full_match_rate": 0.23333333333333334,
      "tolerance_match_rate": 0.37333333333333335,
      "format_match_rate": 1.0,
      "gengo_match_rate": 0.7366666666666667
    },
    "3": {
      "num_samples": 300,
      "full_match_rate": 0.22,
      "tolerance_match_rate": 0.38333333333333336,
      "format_match_rate": 1.0,
      "gengo_match_rate": 0.7666666666666667
    }
  }
}