{
  "average_scores": {
    "full_match_rate": 0.1797222222222222,
    "tolerance_match_rate": 0.29916666666666664,
    "format_match_rate": 0.9997222222222222,
    "gengo_match_rate": 0.5047222222222222
  },
  "max_scores": {
    "full_match_rate": {
      "value": 0.1875,
      "prompt_numbers": [
        "1"
      ]
    },
    "tolerance_match_rate": {
      "value": 0.30166666666666664,
      "prompt_numbers": [
        "2"
      ]
    },
    "format_match_rate": {
      "value": 1.0,
      "prompt_numbers": [
        "2",
        "3"
      ]
    },
    "gengo_match_rate": {
      "value": 0.5191666666666667,
      "prompt_numbers": [
        "3"
      ]
    }
  },
  "all_prompt_metrics": {
    "1": {
      "num_samples": 4,
      "full_match_rate": 0.1875,
      "tolerance_match_rate": 0.30083333333333334,
      "format_match_rate": 0.9991666666666666,
      "gengo_match_rate": 0.5008333333333334
    },
    "2": {
      "num_samples": 4,
      "full_match_rate": 0.17666666666666667,
      "tolerance_match_rate": 0.30166666666666664,
      "format_match_rate": 1.0,
      "gengo_match_rate": 0.4941666666666667
    },
    "3": {
      "num_samples": 4,
      "full_match_rate": 0.175,
      "tolerance_match_rate": 0.295,
      "format_match_rate": 1.0,
      "gengo_match_rate": 0.5191666666666667
    }
  }
}