{
  "average_scores": {
    "full_match_rate": 0.12888888888888891,
    "tolerance_match_rate": 0.15333333333333332,
    "format_match_rate": 0.9988888888888888,
    "gengo_match_rate": 0.17666666666666667
  },
  "max_scores": {
    "full_match_rate": {
      "value": 0.13333333333333333,
      "prompt_numbers": [
        "3"
      ]
    },
    "tolerance_match_rate": {
      "value": 0.16333333333333333,
      "prompt_numbers": [
        "3"
      ]
    },
    "format_match_rate": {
      "value": 1.0,
      "prompt_numbers": [
        "2",
        "3"
      ]
    },
    "gengo_match_rate": {
      "value": 0.19666666666666666,
      "prompt_numbers": [
        "3"
      ]
    }
  },
  "all_prompt_metrics": {
    "1": {
      "num_samples": 300,
      "full_match_rate": 0.12666666666666668,
      "tolerance_match_rate": 0.14333333333333334,
      "format_match_rate": 0.9966666666666667,
      "gengo_match_rate": 0.16333333333333333
    },
    "2": {
      "num_samples": 300,
      "full_match_rate": 0.12666666666666668,
      "tolerance_match_rate": 0.15333333333333332,
      "format_match_rate": 1.0,
      "gengo_match_rate": 0.17
    },
    "3": {
      "num_samples": 300,
      "full_match_rate": 0.13333333333333333,
      "tolerance_match_rate": 0.16333333333333333,
      "format_match_rate": 1.0,
      "gengo_match_rate": 0.19666666666666666
    }
  }
}