{
  "average_scores": {
    "full_match_rate": 0.0033333333333333335,
    "tolerance_match_rate": 0.03388888888888889,
    "format_match_rate": 1.0,
    "gengo_match_rate": 0.1436111111111111
  },
  "max_scores": {
    "full_match_rate": {
      "value": 0.004166666666666667,
      "prompt_numbers": [
        "1",
        "2"
      ]
    },
    "tolerance_match_rate": {
      "value": 0.05583333333333333,
      "prompt_numbers": [
        "1"
      ]
    },
    "format_match_rate": {
      "value": 1.0,
      "prompt_numbers": [
        "1",
        "2",
        "3"
      ]
    },
    "gengo_match_rate": {
      "value": 0.19916666666666666,
      "prompt_numbers": [
        "1"
      ]
    }
  },
  "all_prompt_metrics": {
    "1": {
      "num_samples": 4,
      "full_match_rate": 0.004166666666666667,
      "tolerance_match_rate": 0.05583333333333333,
      "format_match_rate": 1.0,
      "gengo_match_rate": 0.19916666666666666
    },
    "2": {
      "num_samples": 4,
      "full_match_rate": 0.004166666666666667,
      "tolerance_match_rate": 0.04083333333333333,
      "format_match_rate": 1.0,
      "gengo_match_rate": 0.19166666666666668
    },
    "3": {
      "num_samples": 4,
      "full_match_rate": 0.0016666666666666668,
      "tolerance_match_rate": 0.005,
      "format_match_rate": 1.0,
      "gengo_match_rate": 0.04
    }
  }
}