{
  "average_scores": {
    "full_match_rate": 0.0022222222222222222,
    "tolerance_match_rate": 0.0033333333333333335,
    "format_match_rate": 1.0,
    "gengo_match_rate": 0.015555555555555557
  },
  "max_scores": {
    "full_match_rate": {
      "value": 0.0033333333333333335,
      "prompt_numbers": [
        "1",
        "2"
      ]
    },
    "tolerance_match_rate": {
      "value": 0.006666666666666667,
      "prompt_numbers": [
        "1"
      ]
    },
    "format_match_rate": {
      "value": 1.0,
      "prompt_numbers": [
        "1",
        "2",
        "3"
      ]
    },
    "gengo_match_rate": {
      "value": 0.02666666666666667,
      "prompt_numbers": [
        "1"
      ]
    }
  },
  "all_prompt_metrics": {
    "1": {
      "num_samples": 300,
      "full_match_rate": 0.0033333333333333335,
      "tolerance_match_rate": 0.006666666666666667,
      "format_match_rate": 1.0,
      "gengo_match_rate": 0.02666666666666667
    },
    "2": {
      "num_samples": 300,
      "full_match_rate": 0.0033333333333333335,
      "tolerance_match_rate": 0.0033333333333333335,
      "format_match_rate": 1.0,
      "gengo_match_rate": 0.016666666666666666
    },
    "3": {
      "num_samples": 300,
      "full_match_rate": 0.0,
      "tolerance_match_rate": 0.0,
      "format_match_rate": 1.0,
      "gengo_match_rate": 0.0033333333333333335
    }
  }
}