{
  "average_scores": {
    "full_match_rate": 0.0033333333333333335,
    "tolerance_match_rate": 0.021111111111111112,
    "format_match_rate": 1.0,
    "gengo_match_rate": 0.1822222222222222
  },
  "max_scores": {
    "full_match_rate": {
      "value": 0.0033333333333333335,
      "prompt_numbers": [
        "1",
        "2",
        "3"
      ]
    },
    "tolerance_match_rate": {
      "value": 0.02666666666666667,
      "prompt_numbers": [
        "1",
        "2"
      ]
    },
    "format_match_rate": {
      "value": 1.0,
      "prompt_numbers": [
        "1",
        "2",
        "3"
      ]
    },
    "gengo_match_rate": {
      "value": 0.24666666666666667,
      "prompt_numbers": [
        "2"
      ]
    }
  },
  "all_prompt_metrics": {
    "1": {
      "num_samples": 300,
      "full_match_rate": 0.0033333333333333335,
      "tolerance_match_rate": 0.02666666666666667,
      "format_match_rate": 1.0,
      "gengo_match_rate": 0.2
    },
    "2": {
      "num_samples": 300,
      "full_match_rate": 0.0033333333333333335,
      "tolerance_match_rate": 0.02666666666666667,
      "format_match_rate": 1.0,
      "gengo_match_rate": 0.24666666666666667
    },
    "3": {
      "num_samples": 300,
      "full_match_rate": 0.0033333333333333335,
      "tolerance_match_rate": 0.01,
      "format_match_rate": 1.0,
      "gengo_match_rate": 0.1
    }
  }
}