{
  "average_scores": {
    "full_match_rate": 0.08111111111111112,
    "tolerance_match_rate": 0.10111111111111111,
    "format_match_rate": 1.0
  },
  "max_scores": {
    "full_match_rate": {
      "value": 0.08666666666666667,
      "prompt_numbers": [
        "2"
      ]
    },
    "tolerance_match_rate": {
      "value": 0.11333333333333333,
      "prompt_numbers": [
        "2"
      ]
    },
    "format_match_rate": {
      "value": 1.0,
      "prompt_numbers": [
        "1",
        "2",
        "3"
      ]
    }
  },
  "all_prompt_metrics": {
    "1": {
      "num_samples": 300,
      "full_match_rate": 0.08,
      "tolerance_match_rate": 0.09333333333333334,
      "format_match_rate": 1.0
    },
    "2": {
      "num_samples": 300,
      "full_match_rate": 0.08666666666666667,
      "tolerance_match_rate": 0.11333333333333333,
      "format_match_rate": 1.0
    },
    "3": {
      "num_samples": 300,
      "full_match_rate": 0.07666666666666666,
      "tolerance_match_rate": 0.09666666666666666,
      "format_match_rate": 1.0
    }
  }
}