{
  "average_scores": {
    "full_match_rate": 0.04888888888888889,
    "tolerance_match_rate": 0.11444444444444446,
    "format_match_rate": 0.9988888888888888
  },
  "max_scores": {
    "full_match_rate": {
      "value": 0.06,
      "prompt_numbers": [
        "1"
      ]
    },
    "tolerance_match_rate": {
      "value": 0.13666666666666666,
      "prompt_numbers": [
        "1"
      ]
    },
    "format_match_rate": {
      "value": 1.0,
      "prompt_numbers": [
        "1",
        "3"
      ]
    }
  },
  "all_prompt_metrics": {
    "1": {
      "num_samples": 300,
      "full_match_rate": 0.06,
      "tolerance_match_rate": 0.13666666666666666,
      "format_match_rate": 1.0
    },
    "2": {
      "num_samples": 300,
      "full_match_rate": 0.043333333333333335,
      "tolerance_match_rate": 0.10666666666666667,
      "format_match_rate": 0.9966666666666667
    },
    "3": {
      "num_samples": 300,
      "full_match_rate": 0.043333333333333335,
      "tolerance_match_rate": 0.1,
      "format_match_rate": 1.0
    }
  }
}