{
  "average_scores": {
    "full_match_rate": 0.07055555555555555,
    "tolerance_match_rate": 0.13722222222222225,
    "format_match_rate": 0.9980555555555556
  },
  "max_scores": {
    "full_match_rate": {
      "value": 0.07583333333333334,
      "prompt_numbers": [
        "1"
      ]
    },
    "tolerance_match_rate": {
      "value": 0.14333333333333334,
      "prompt_numbers": [
        "1"
      ]
    },
    "format_match_rate": {
      "value": 0.9983333333333333,
      "prompt_numbers": [
        "1",
        "3"
      ]
    }
  },
  "all_prompt_metrics": {
    "1": {
      "num_samples": 4,
      "full_match_rate": 0.07583333333333334,
      "tolerance_match_rate": 0.14333333333333334,
      "format_match_rate": 0.9983333333333333
    },
    "2": {
      "num_samples": 4,
      "full_match_rate": 0.07083333333333333,
      "tolerance_match_rate": 0.14166666666666666,
      "format_match_rate": 0.9974999999999999
    },
    "3": {
      "num_samples": 4,
      "full_match_rate": 0.065,
      "tolerance_match_rate": 0.12666666666666668,
      "format_match_rate": 0.9983333333333333
    }
  }
}