{
  "average_scores": {
    "full_match_rate": 0.5433333333333333,
    "tolerance_match_rate": 0.5922222222222223,
    "format_match_rate": 0.9622222222222222
  },
  "max_scores": {
    "full_match_rate": {
      "value": 0.55,
      "prompt_numbers": [
        "2"
      ]
    },
    "tolerance_match_rate": {
      "value": 0.6,
      "prompt_numbers": [
        "3"
      ]
    },
    "format_match_rate": {
      "value": 0.9733333333333334,
      "prompt_numbers": [
        "3"
      ]
    }
  },
  "all_prompt_metrics": {
    "1": {
      "num_samples": 300,
      "full_match_rate": 0.54,
      "tolerance_match_rate": 0.5833333333333334,
      "format_match_rate": 0.9466666666666667
    },
    "2": {
      "num_samples": 300,
      "full_match_rate": 0.55,
      "tolerance_match_rate": 0.5933333333333334,
      "format_match_rate": 0.9666666666666667
    },
    "3": {
      "num_samples": 300,
      "full_match_rate": 0.54,
      "tolerance_match_rate": 0.6,
      "format_match_rate": 0.9733333333333334
    }
  }
}