{
  "average_scores": {
    "full_match_rate": 0.5233333333333333,
    "tolerance_match_rate": 0.5955555555555555,
    "format_match_rate": 0.7755555555555556
  },
  "max_scores": {
    "full_match_rate": {
      "value": 0.53,
      "prompt_numbers": [
        "1"
      ]
    },
    "tolerance_match_rate": {
      "value": 0.5966666666666667,
      "prompt_numbers": [
        "1",
        "2"
      ]
    },
    "format_match_rate": {
      "value": 0.8,
      "prompt_numbers": [
        "3"
      ]
    }
  },
  "all_prompt_metrics": {
    "1": {
      "num_samples": 300,
      "full_match_rate": 0.53,
      "tolerance_match_rate": 0.5966666666666667,
      "format_match_rate": 0.74
    },
    "2": {
      "num_samples": 300,
      "full_match_rate": 0.5233333333333333,
      "tolerance_match_rate": 0.5966666666666667,
      "format_match_rate": 0.7866666666666666
    },
    "3": {
      "num_samples": 300,
      "full_match_rate": 0.5166666666666667,
      "tolerance_match_rate": 0.5933333333333334,
      "format_match_rate": 0.8
    }
  }
}