{
  "average_scores": {
    "full_match_rate": 0.5444444444444444,
    "tolerance_match_rate": 0.5744444444444444,
    "format_match_rate": 0.9577777777777777
  },
  "max_scores": {
    "full_match_rate": {
      "value": 0.5466666666666666,
      "prompt_numbers": [
        "3"
      ]
    },
    "tolerance_match_rate": {
      "value": 0.5766666666666667,
      "prompt_numbers": [
        "1",
        "3"
      ]
    },
    "format_match_rate": {
      "value": 0.9733333333333334,
      "prompt_numbers": [
        "3"
      ]
    }
  },
  "all_prompt_metrics": {
    "1": {
      "num_samples": 300,
      "full_match_rate": 0.5433333333333333,
      "tolerance_match_rate": 0.5766666666666667,
      "format_match_rate": 0.94
    },
    "2": {
      "num_samples": 300,
      "full_match_rate": 0.5433333333333333,
      "tolerance_match_rate": 0.57,
      "format_match_rate": 0.96
    },
    "3": {
      "num_samples": 300,
      "full_match_rate": 0.5466666666666666,
      "tolerance_match_rate": 0.5766666666666667,
      "format_match_rate": 0.9733333333333334
    }
  }
}