{
  "average_scores": {
    "full_match_rate": 0.6266666666666666,
    "tolerance_match_rate": 0.6944444444444445,
    "format_match_rate": 0.9033333333333333
  },
  "max_scores": {
    "full_match_rate": {
      "value": 0.6333333333333333,
      "prompt_numbers": [
        "2"
      ]
    },
    "tolerance_match_rate": {
      "value": 0.7066666666666667,
      "prompt_numbers": [
        "2"
      ]
    },
    "format_match_rate": {
      "value": 0.9133333333333333,
      "prompt_numbers": [
        "3"
      ]
    }
  },
  "all_prompt_metrics": {
    "1": {
      "num_samples": 300,
      "full_match_rate": 0.6166666666666667,
      "tolerance_match_rate": 0.6833333333333333,
      "format_match_rate": 0.8866666666666667
    },
    "2": {
      "num_samples": 300,
      "full_match_rate": 0.6333333333333333,
      "tolerance_match_rate": 0.7066666666666667,
      "format_match_rate": 0.91
    },
    "3": {
      "num_samples": 300,
      "full_match_rate": 0.63,
      "tolerance_match_rate": 0.6933333333333334,
      "format_match_rate": 0.9133333333333333
    }
  }
}