{
  "average_scores": {
    "full_match_rate": 0.007777777777777778,
    "tolerance_match_rate": 0.05555555555555556,
    "format_match_rate": 1.0,
    "gengo_match_rate": 0.4477777777777778
  },
  "max_scores": {
    "full_match_rate": {
      "value": 0.01,
      "prompt_numbers": [
        "3"
      ]
    },
    "tolerance_match_rate": {
      "value": 0.06,
      "prompt_numbers": [
        "1"
      ]
    },
    "format_match_rate": {
      "value": 1.0,
      "prompt_numbers": [
        "1",
        "2",
        "3"
      ]
    },
    "gengo_match_rate": {
      "value": 0.5333333333333333,
      "prompt_numbers": [
        "3"
      ]
    }
  },
  "all_prompt_metrics": {
    "1": {
      "num_samples": 300,
      "full_match_rate": 0.006666666666666667,
      "tolerance_match_rate": 0.06,
      "format_match_rate": 1.0,
      "gengo_match_rate": 0.37666666666666665
    },
    "2": {
      "num_samples": 300,
      "full_match_rate": 0.006666666666666667,
      "tolerance_match_rate": 0.05333333333333334,
      "format_match_rate": 1.0,
      "gengo_match_rate": 0.43333333333333335
    },
    "3": {
      "num_samples": 300,
      "full_match_rate": 0.01,
      "tolerance_match_rate": 0.05333333333333334,
      "format_match_rate": 1.0,
      "gengo_match_rate": 0.5333333333333333
    }
  }
}