{
  "average_scores": {
    "full_match_rate": 0.0036111111111111114,
    "tolerance_match_rate": 0.02,
    "format_match_rate": 1.0,
    "gengo_match_rate": 0.21250000000000002
  },
  "max_scores": {
    "full_match_rate": {
      "value": 0.004166666666666667,
      "prompt_numbers": [
        "1",
        "2"
      ]
    },
    "tolerance_match_rate": {
      "value": 0.024166666666666666,
      "prompt_numbers": [
        "1"
      ]
    },
    "format_match_rate": {
      "value": 1.0,
      "prompt_numbers": [
        "1",
        "2",
        "3"
      ]
    },
    "gengo_match_rate": {
      "value": 0.26,
      "prompt_numbers": [
        "1"
      ]
    }
  },
  "all_prompt_metrics": {
    "1": {
      "num_samples": 4,
      "full_match_rate": 0.004166666666666667,
      "tolerance_match_rate": 0.024166666666666666,
      "format_match_rate": 1.0,
      "gengo_match_rate": 0.26
    },
    "2": {
      "num_samples": 4,
      "full_match_rate": 0.004166666666666667,
      "tolerance_match_rate": 0.021666666666666667,
      "format_match_rate": 1.0,
      "gengo_match_rate": 0.23833333333333334
    },
    "3": {
      "num_samples": 4,
      "full_match_rate": 0.0025,
      "tolerance_match_rate": 0.014166666666666668,
      "format_match_rate": 1.0,
      "gengo_match_rate": 0.1391666666666667
    }
  }
}