{
  "average_scores": {
    "full_match_rate": 0.004166666666666667,
    "tolerance_match_rate": 0.0563888888888889,
    "format_match_rate": 1.0,
    "gengo_match_rate": 0.30583333333333335
  },
  "max_scores": {
    "full_match_rate": {
      "value": 0.005833333333333334,
      "prompt_numbers": [
        "1"
      ]
    },
    "tolerance_match_rate": {
      "value": 0.08,
      "prompt_numbers": [
        "1"
      ]
    },
    "format_match_rate": {
      "value": 1.0,
      "prompt_numbers": [
        "1",
        "2",
        "3"
      ]
    },
    "gengo_match_rate": {
      "value": 0.41833333333333333,
      "prompt_numbers": [
        "1"
      ]
    }
  },
  "all_prompt_metrics": {
    "1": {
      "num_samples": 4,
      "full_match_rate": 0.005833333333333334,
      "tolerance_match_rate": 0.08,
      "format_match_rate": 1.0,
      "gengo_match_rate": 0.41833333333333333
    },
    "2": {
      "num_samples": 4,
      "full_match_rate": 0.005,
      "tolerance_match_rate": 0.07250000000000001,
      "format_match_rate": 1.0,
      "gengo_match_rate": 0.38999999999999996
    },
    "3": {
      "num_samples": 4,
      "full_match_rate": 0.0016666666666666668,
      "tolerance_match_rate": 0.016666666666666663,
      "format_match_rate": 1.0,
      "gengo_match_rate": 0.10916666666666668
    }
  }
}