{
  "average_scores": {
    "full_match_rate": 0.0044444444444444444,
    "tolerance_match_rate": 0.05777777777777778,
    "format_match_rate": 1.0,
    "gengo_match_rate": 0.4955555555555555
  },
  "max_scores": {
    "full_match_rate": {
      "value": 0.006666666666666667,
      "prompt_numbers": [
        "1"
      ]
    },
    "tolerance_match_rate": {
      "value": 0.06666666666666667,
      "prompt_numbers": [
        "1",
        "2"
      ]
    },
    "format_match_rate": {
      "value": 1.0,
      "prompt_numbers": [
        "1",
        "2",
        "3"
      ]
    },
    "gengo_match_rate": {
      "value": 0.5766666666666667,
      "prompt_numbers": [
        "1"
      ]
    }
  },
  "all_prompt_metrics": {
    "1": {
      "num_samples": 300,
      "full_match_rate": 0.006666666666666667,
      "tolerance_match_rate": 0.06666666666666667,
      "format_match_rate": 1.0,
      "gengo_match_rate": 0.5766666666666667
    },
    "2": {
      "num_samples": 300,
      "full_match_rate": 0.0033333333333333335,
      "tolerance_match_rate": 0.06666666666666667,
      "format_match_rate": 1.0,
      "gengo_match_rate": 0.5566666666666666
    },
    "3": {
      "num_samples": 300,
      "full_match_rate": 0.0033333333333333335,
      "tolerance_match_rate": 0.04,
      "format_match_rate": 1.0,
      "gengo_match_rate": 0.35333333333333333
    }
  }
}