{
  "average_scores": {
    "full_match_rate": 0.0033333333333333335,
    "tolerance_match_rate": 0.027777777777777776,
    "format_match_rate": 1.0,
    "gengo_match_rate": 0.23444444444444446
  },
  "max_scores": {
    "full_match_rate": {
      "value": 0.006666666666666667,
      "prompt_numbers": [
        "2"
      ]
    },
    "tolerance_match_rate": {
      "value": 0.043333333333333335,
      "prompt_numbers": [
        "1"
      ]
    },
    "format_match_rate": {
      "value": 1.0,
      "prompt_numbers": [
        "1",
        "2",
        "3"
      ]
    },
    "gengo_match_rate": {
      "value": 0.3566666666666667,
      "prompt_numbers": [
        "1"
      ]
    }
  },
  "all_prompt_metrics": {
    "1": {
      "num_samples": 300,
      "full_match_rate": 0.0033333333333333335,
      "tolerance_match_rate": 0.043333333333333335,
      "format_match_rate": 1.0,
      "gengo_match_rate": 0.3566666666666667
    },
    "2": {
      "num_samples": 300,
      "full_match_rate": 0.006666666666666667,
      "tolerance_match_rate": 0.03666666666666667,
      "format_match_rate": 1.0,
      "gengo_match_rate": 0.32
    },
    "3": {
      "num_samples": 300,
      "full_match_rate": 0.0,
      "tolerance_match_rate": 0.0033333333333333335,
      "format_match_rate": 1.0,
      "gengo_match_rate": 0.02666666666666667
    }
  }
}