{
  "average_scores": {
    "full_match_rate": 0.3075,
    "tolerance_match_rate": 0.4461111111111111,
    "format_match_rate": 0.8880555555555555,
    "gengo_match_rate": 0.5686111111111111
  },
  "max_scores": {
    "full_match_rate": {
      "value": 0.31000000000000005,
      "prompt_numbers": [
        "2"
      ]
    },
    "tolerance_match_rate": {
      "value": 0.46666666666666673,
      "prompt_numbers": [
        "3"
      ]
    },
    "format_match_rate": {
      "value": 0.9091666666666667,
      "prompt_numbers": [
        "3"
      ]
    },
    "gengo_match_rate": {
      "value": 0.5958333333333333,
      "prompt_numbers": [
        "3"
      ]
    }
  },
  "all_prompt_metrics": {
    "1": {
      "num_samples": 4,
      "full_match_rate": 0.3025,
      "tolerance_match_rate": 0.4275,
      "format_match_rate": 0.8525,
      "gengo_match_rate": 0.5366666666666666
    },
    "2": {
      "num_samples": 4,
      "full_match_rate": 0.31000000000000005,
      "tolerance_match_rate": 0.44416666666666665,
      "format_match_rate": 0.9025,
      "gengo_match_rate": 0.5733333333333334
    },
    "3": {
      "num_samples": 4,
      "full_match_rate": 0.30999999999999994,
      "tolerance_match_rate": 0.46666666666666673,
      "format_match_rate": 0.9091666666666667,
      "gengo_match_rate": 0.5958333333333333
    }
  }
}