{
  "average_scores": {
    "full_match_rate": 0.4022222222222222,
    "tolerance_match_rate": 0.5266666666666667,
    "format_match_rate": 0.9122222222222222,
    "gengo_match_rate": 0.6711111111111112
  },
  "max_scores": {
    "full_match_rate": {
      "value": 0.41,
      "prompt_numbers": [
        "1"
      ]
    },
    "tolerance_match_rate": {
      "value": 0.54,
      "prompt_numbers": [
        "3"
      ]
    },
    "format_match_rate": {
      "value": 0.9166666666666666,
      "prompt_numbers": [
        "2",
        "3"
      ]
    },
    "gengo_match_rate": {
      "value": 0.7,
      "prompt_numbers": [
        "3"
      ]
    }
  },
  "all_prompt_metrics": {
    "1": {
      "num_samples": 300,
      "full_match_rate": 0.41,
      "tolerance_match_rate": 0.5333333333333333,
      "format_match_rate": 0.9033333333333333,
      "gengo_match_rate": 0.66
    },
    "2": {
      "num_samples": 300,
      "full_match_rate": 0.4033333333333333,
      "tolerance_match_rate": 0.5066666666666667,
      "format_match_rate": 0.9166666666666666,
      "gengo_match_rate": 0.6533333333333333
    },
    "3": {
      "num_samples": 300,
      "full_match_rate": 0.3933333333333333,
      "tolerance_match_rate": 0.54,
      "format_match_rate": 0.9166666666666666,
      "gengo_match_rate": 0.7
    }
  }
}