{
  "average_scores": {
    "full_match_rate": 0.029722222222222223,
    "tolerance_match_rate": 0.09833333333333334,
    "format_match_rate": 1.0
  },
  "max_scores": {
    "full_match_rate": {
      "value": 0.030833333333333334,
      "prompt_numbers": [
        "1",
        "3"
      ]
    },
    "tolerance_match_rate": {
      "value": 0.10500000000000001,
      "prompt_numbers": [
        "1"
      ]
    },
    "format_match_rate": {
      "value": 1.0,
      "prompt_numbers": [
        "1",
        "2",
        "3"
      ]
    }
  },
  "all_prompt_metrics": {
    "1": {
      "num_samples": 4,
      "full_match_rate": 0.030833333333333334,
      "tolerance_match_rate": 0.10500000000000001,
      "format_match_rate": 1.0
    },
    "2": {
      "num_samples": 4,
      "full_match_rate": 0.0275,
      "tolerance_match_rate": 0.09166666666666667,
      "format_match_rate": 1.0
    },
    "3": {
      "num_samples": 4,
      "full_match_rate": 0.030833333333333334,
      "tolerance_match_rate": 0.09833333333333334,
      "format_match_rate": 1.0
    }
  }
}