{
  "average_scores": {
    "full_match_rate": 0.2333333333333333,
    "tolerance_match_rate": 0.33666666666666667,
    "format_match_rate": 0.9955555555555554
  },
  "max_scores": {
    "full_match_rate": {
      "value": 0.24,
      "prompt_numbers": [
        "3"
      ]
    },
    "tolerance_match_rate": {
      "value": 0.35333333333333333,
      "prompt_numbers": [
        "3"
      ]
    },
    "format_match_rate": {
      "value": 1.0,
      "prompt_numbers": [
        "1"
      ]
    }
  },
  "all_prompt_metrics": {
    "1": {
      "num_samples": 300,
      "full_match_rate": 0.22333333333333333,
      "tolerance_match_rate": 0.31666666666666665,
      "format_match_rate": 1.0
    },
    "2": {
      "num_samples": 300,
      "full_match_rate": 0.23666666666666666,
      "tolerance_match_rate": 0.34,
      "format_match_rate": 0.9933333333333333
    },
    "3": {
      "num_samples": 300,
      "full_match_rate": 0.24,
      "tolerance_match_rate": 0.35333333333333333,
      "format_match_rate": 0.9933333333333333
    }
  }
}