{
  "average_scores": {
    "full_match_rate": 0.18000000000000002,
    "tolerance_match_rate": 0.22666666666666666,
    "format_match_rate": 1.0
  },
  "max_scores": {
    "full_match_rate": {
      "value": 0.18666666666666668,
      "prompt_numbers": [
        "1"
      ]
    },
    "tolerance_match_rate": {
      "value": 0.22666666666666666,
      "prompt_numbers": [
        "1",
        "2",
        "3"
      ]
    },
    "format_match_rate": {
      "value": 1.0,
      "prompt_numbers": [
        "1",
        "2",
        "3"
      ]
    }
  },
  "all_prompt_metrics": {
    "1": {
      "num_samples": 300,
      "full_match_rate": 0.18666666666666668,
      "tolerance_match_rate": 0.22666666666666666,
      "format_match_rate": 1.0
    },
    "2": {
      "num_samples": 300,
      "full_match_rate": 0.17666666666666667,
      "tolerance_match_rate": 0.22666666666666666,
      "format_match_rate": 1.0
    },
    "3": {
      "num_samples": 300,
      "full_match_rate": 0.17666666666666667,
      "tolerance_match_rate": 0.22666666666666666,
      "format_match_rate": 1.0
    }
  }
}