{
  "average_scores": {
    "full_match_rate": 0.30888888888888894,
    "tolerance_match_rate": 0.39999999999999997,
    "format_match_rate": 0.9933333333333333
  },
  "max_scores": {
    "full_match_rate": {
      "value": 0.3233333333333333,
      "prompt_numbers": [
        "1"
      ]
    },
    "tolerance_match_rate": {
      "value": 0.42333333333333334,
      "prompt_numbers": [
        "1"
      ]
    },
    "format_match_rate": {
      "value": 1.0,
      "prompt_numbers": [
        "2"
      ]
    }
  },
  "all_prompt_metrics": {
    "1": {
      "num_samples": 300,
      "full_match_rate": 0.3233333333333333,
      "tolerance_match_rate": 0.42333333333333334,
      "format_match_rate": 0.9866666666666667
    },
    "2": {
      "num_samples": 300,
      "full_match_rate": 0.31333333333333335,
      "tolerance_match_rate": 0.4,
      "format_match_rate": 1.0
    },
    "3": {
      "num_samples": 300,
      "full_match_rate": 0.29,
      "tolerance_match_rate": 0.37666666666666665,
      "format_match_rate": 0.9933333333333333
    }
  }
}