{
  "average_scores": {
    "full_match_rate": 0.3838888888888889,
    "tolerance_match_rate": 0.4791666666666667,
    "format_match_rate": 0.9894444444444445
  },
  "max_scores": {
    "full_match_rate": {
      "value": 0.38916666666666666,
      "prompt_numbers": [
        "2"
      ]
    },
    "tolerance_match_rate": {
      "value": 0.4866666666666667,
      "prompt_numbers": [
        "1"
      ]
    },
    "format_match_rate": {
      "value": 0.9974999999999999,
      "prompt_numbers": [
        "2"
      ]
    }
  },
  "all_prompt_metrics": {
    "1": {
      "num_samples": 4,
      "full_match_rate": 0.3883333333333333,
      "tolerance_match_rate": 0.4866666666666667,
      "format_match_rate": 0.9833333333333334
    },
    "2": {
      "num_samples": 4,
      "full_match_rate": 0.38916666666666666,
      "tolerance_match_rate": 0.48083333333333333,
      "format_match_rate": 0.9974999999999999
    },
    "3": {
      "num_samples": 4,
      "full_match_rate": 0.37416666666666665,
      "tolerance_match_rate": 0.47,
      "format_match_rate": 0.9874999999999999
    }
  }
}