{
  "prompts": {
    "1": {
      "total": 142,
      "exact": 129,
      "tolerance": 134,
      "exact_ratio": 0.9084507042253521,
      "tolerance_ratio": 0.9436619718309859
    },
    "2": {
      "total": 143,
      "exact": 136,
      "tolerance": 137,
      "exact_ratio": 0.951048951048951,
      "tolerance_ratio": 0.958041958041958
    },
    "3": {
      "total": 149,
      "exact": 143,
      "tolerance": 146,
      "exact_ratio": 0.959731543624161,
      "tolerance_ratio": 0.9798657718120806
    }
  },
  "average_exact_ratio": 0.9397437329661548,
  "average_tolerance_ratio": 0.9605232338950082,
  "most_consistent_prompt": "3",
  "max_tolerance_ratio": 0.9798657718120806
}