{
  "average_scores": {
    "full_match_rate": 0.4552777777777777,
    "tolerance_match_rate": 0.5822222222222223,
    "format_match_rate": 0.9977777777777778
  },
  "max_scores": {
    "full_match_rate": {
      "value": 0.45833333333333326,
      "prompt_numbers": [
        "3"
      ]
    },
    "tolerance_match_rate": {
      "value": 0.5925,
      "prompt_numbers": [
        "3"
      ]
    },
    "format_match_rate": {
      "value": 1.0,
      "prompt_numbers": [
        "3"
      ]
    }
  },
  "all_prompt_metrics": {
    "1": {
      "num_samples": 4,
      "full_match_rate": 0.4525,
      "tolerance_match_rate": 0.5683333333333334,
      "format_match_rate": 0.9941666666666668
    },
    "2": {
      "num_samples": 4,
      "full_match_rate": 0.45499999999999996,
      "tolerance_match_rate": 0.5858333333333333,
      "format_match_rate": 0.9991666666666666
    },
    "3": {
      "num_samples": 4,
      "full_match_rate": 0.45833333333333326,
      "tolerance_match_rate": 0.5925,
      "format_match_rate": 1.0
    }
  }
}