{
  "average_scores": {
    "full_match_rate": 0.08777777777777777,
    "tolerance_match_rate": 0.24666666666666667,
    "format_match_rate": 0.9533333333333335,
    "gengo_match_rate": 0.9088888888888889
  },
  "max_scores": {
    "full_match_rate": {
      "value": 0.1,
      "prompt_numbers": [
        "3"
      ]
    },
    "tolerance_match_rate": {
      "value": 0.2833333333333333,
      "prompt_numbers": [
        "3"
      ]
    },
    "format_match_rate": {
      "value": 0.9566666666666667,
      "prompt_numbers": [
        "1"
      ]
    },
    "gengo_match_rate": {
      "value": 0.9166666666666666,
      "prompt_numbers": [
        "2"
      ]
    }
  },
  "all_prompt_metrics": {
    "1": {
      "num_samples": 300,
      "full_match_rate": 0.06666666666666667,
      "tolerance_match_rate": 0.19333333333333333,
      "format_match_rate": 0.9566666666666667,
      "gengo_match_rate": 0.8966666666666666
    },
    "2": {
      "num_samples": 300,
      "full_match_rate": 0.09666666666666666,
      "tolerance_match_rate": 0.2633333333333333,
      "format_match_rate": 0.95,
      "gengo_match_rate": 0.9166666666666666
    },
    "3": {
      "num_samples": 300,
      "full_match_rate": 0.1,
      "tolerance_match_rate": 0.2833333333333333,
      "format_match_rate": 0.9533333333333334,
      "gengo_match_rate": 0.9133333333333333
    }
  }
}