{
  "average_scores": {
    "full_match_rate": 0.03777777777777778,
    "tolerance_match_rate": 0.23111111111111113,
    "format_match_rate": 0.9266666666666667,
    "gengo_match_rate": 0.7677777777777779
  },
  "max_scores": {
    "full_match_rate": {
      "value": 0.05333333333333334,
      "prompt_numbers": [
        "1"
      ]
    },
    "tolerance_match_rate": {
      "value": 0.2733333333333333,
      "prompt_numbers": [
        "1"
      ]
    },
    "format_match_rate": {
      "value": 0.98,
      "prompt_numbers": [
        "1"
      ]
    },
    "gengo_match_rate": {
      "value": 0.79,
      "prompt_numbers": [
        "1"
      ]
    }
  },
  "all_prompt_metrics": {
    "1": {
      "num_samples": 300,
      "full_match_rate": 0.05333333333333334,
      "tolerance_match_rate": 0.2733333333333333,
      "format_match_rate": 0.98,
      "gengo_match_rate": 0.79
    },
    "2": {
      "num_samples": 300,
      "full_match_rate": 0.023333333333333334,
      "tolerance_match_rate": 0.19,
      "format_match_rate": 0.87,
      "gengo_match_rate": 0.7533333333333333
    },
    "3": {
      "num_samples": 300,
      "full_match_rate": 0.03666666666666667,
      "tolerance_match_rate": 0.23,
      "format_match_rate": 0.93,
      "gengo_match_rate": 0.76
    }
  }
}