{
  "average_scores": {
    "full_match_rate": 0.055,
    "tolerance_match_rate": 0.23138888888888887,
    "format_match_rate": 0.9061111111111111,
    "gengo_match_rate": 0.5597222222222221
  },
  "max_scores": {
    "full_match_rate": {
      "value": 0.0575,
      "prompt_numbers": [
        "1"
      ]
    },
    "tolerance_match_rate": {
      "value": 0.2575,
      "prompt_numbers": [
        "1"
      ]
    },
    "format_match_rate": {
      "value": 0.9608333333333334,
      "prompt_numbers": [
        "1"
      ]
    },
    "gengo_match_rate": {
      "value": 0.5916666666666666,
      "prompt_numbers": [
        "1"
      ]
    }
  },
  "all_prompt_metrics": {
    "1": {
      "num_samples": 4,
      "full_match_rate": 0.0575,
      "tolerance_match_rate": 0.2575,
      "format_match_rate": 0.9608333333333334,
      "gengo_match_rate": 0.5916666666666666
    },
    "2": {
      "num_samples": 4,
      "full_match_rate": 0.05083333333333333,
      "tolerance_match_rate": 0.2033333333333333,
      "format_match_rate": 0.8516666666666666,
      "gengo_match_rate": 0.5308333333333333
    },
    "3": {
      "num_samples": 4,
      "full_match_rate": 0.05666666666666667,
      "tolerance_match_rate": 0.23333333333333334,
      "format_match_rate": 0.9058333333333333,
      "gengo_match_rate": 0.5566666666666666
    }
  }
}