{
  "average_scores": {
    "full_match_rate": 0.011111111111111112,
    "tolerance_match_rate": 0.05000000000000001,
    "format_match_rate": 0.96,
    "gengo_match_rate": 0.07
  },
  "max_scores": {
    "full_match_rate": {
      "value": 0.016666666666666666,
      "prompt_numbers": [
        "2"
      ]
    },
    "tolerance_match_rate": {
      "value": 0.06333333333333334,
      "prompt_numbers": [
        "2"
      ]
    },
    "format_match_rate": {
      "value": 0.9633333333333334,
      "prompt_numbers": [
        "2"
      ]
    },
    "gengo_match_rate": {
      "value": 0.09,
      "prompt_numbers": [
        "2"
      ]
    }
  },
  "all_prompt_metrics": {
    "1": {
      "num_samples": 300,
      "full_match_rate": 0.01,
      "tolerance_match_rate": 0.04666666666666667,
      "format_match_rate": 0.9566666666666667,
      "gengo_match_rate": 0.056666666666666664
    },
    "2": {
      "num_samples": 300,
      "full_match_rate": 0.016666666666666666,
      "tolerance_match_rate": 0.06333333333333334,
      "format_match_rate": 0.9633333333333334,
      "gengo_match_rate": 0.09
    },
    "3": {
      "num_samples": 300,
      "full_match_rate": 0.006666666666666667,
      "tolerance_match_rate": 0.04,
      "format_match_rate": 0.96,
      "gengo_match_rate": 0.06333333333333334
    }
  }
}