{
  "average_scores": {
    "full_match_rate": 0.08333333333333333,
    "tolerance_match_rate": 0.3977777777777778,
    "format_match_rate": 0.7844444444444445,
    "gengo_match_rate": 0.49222222222222217
  },
  "max_scores": {
    "full_match_rate": {
      "value": 0.1,
      "prompt_numbers": [
        "1"
      ]
    },
    "tolerance_match_rate": {
      "value": 0.5166666666666667,
      "prompt_numbers": [
        "1"
      ]
    },
    "format_match_rate": {
      "value": 0.95,
      "prompt_numbers": [
        "1"
      ]
    },
    "gengo_match_rate": {
      "value": 0.6233333333333333,
      "prompt_numbers": [
        "1"
      ]
    }
  },
  "all_prompt_metrics": {
    "1": {
      "num_samples": 300,
      "full_match_rate": 0.1,
      "tolerance_match_rate": 0.5166666666666667,
      "format_match_rate": 0.95,
      "gengo_match_rate": 0.6233333333333333
    },
    "2": {
      "num_samples": 300,
      "full_match_rate": 0.06666666666666667,
      "tolerance_match_rate": 0.2966666666666667,
      "format_match_rate": 0.6233333333333333,
      "gengo_match_rate": 0.36333333333333334
    },
    "3": {
      "num_samples": 300,
      "full_match_rate": 0.08333333333333333,
      "tolerance_match_rate": 0.38,
      "format_match_rate": 0.78,
      "gengo_match_rate": 0.49
    }
  }
}