{
  "average_scores": {
    "full_match_rate": 0.05333333333333334,
    "tolerance_match_rate": 0.15444444444444444,
    "format_match_rate": 0.9933333333333333
  },
  "max_scores": {
    "full_match_rate": {
      "value": 0.06,
      "prompt_numbers": [
        "3"
      ]
    },
    "tolerance_match_rate": {
      "value": 0.17666666666666667,
      "prompt_numbers": [
        "2"
      ]
    },
    "format_match_rate": {
      "value": 0.9966666666666667,
      "prompt_numbers": [
        "3"
      ]
    }
  },
  "all_prompt_metrics": {
    "1": {
      "num_samples": 300,
      "full_match_rate": 0.04666666666666667,
      "tolerance_match_rate": 0.12333333333333334,
      "format_match_rate": 0.99
    },
    "2": {
      "num_samples": 300,
      "full_match_rate": 0.05333333333333334,
      "tolerance_match_rate": 0.17666666666666667,
      "format_match_rate": 0.9933333333333333
    },
    "3": {
      "num_samples": 300,
      "full_match_rate": 0.06,
      "tolerance_match_rate": 0.16333333333333333,
      "format_match_rate": 0.9966666666666667
    }
  }
}