{
  "average_scores": {
    "full_match_rate": 0.04111111111111112,
    "tolerance_match_rate": 0.09222222222222222,
    "format_match_rate": 0.9966666666666667
  },
  "max_scores": {
    "full_match_rate": {
      "value": 0.04666666666666667,
      "prompt_numbers": [
        "2"
      ]
    },
    "tolerance_match_rate": {
      "value": 0.1,
      "prompt_numbers": [
        "3"
      ]
    },
    "format_match_rate": {
      "value": 0.9966666666666667,
      "prompt_numbers": [
        "1",
        "2",
        "3"
      ]
    }
  },
  "all_prompt_metrics": {
    "1": {
      "num_samples": 300,
      "full_match_rate": 0.03666666666666667,
      "tolerance_match_rate": 0.08,
      "format_match_rate": 0.9966666666666667
    },
    "2": {
      "num_samples": 300,
      "full_match_rate": 0.04666666666666667,
      "tolerance_match_rate": 0.09666666666666666,
      "format_match_rate": 0.9966666666666667
    },
    "3": {
      "num_samples": 300,
      "full_match_rate": 0.04,
      "tolerance_match_rate": 0.1,
      "format_match_rate": 0.9966666666666667
    }
  }
}