{
  "average_scores": {
    "full_match_rate": 0.0011111111111111111,
    "tolerance_match_rate": 0.021111111111111112,
    "format_match_rate": 1.0,
    "gengo_match_rate": 0.1922222222222222
  },
  "max_scores": {
    "full_match_rate": {
      "value": 0.0033333333333333335,
      "prompt_numbers": [
        "2"
      ]
    },
    "tolerance_match_rate": {
      "value": 0.03666666666666667,
      "prompt_numbers": [
        "2"
      ]
    },
    "format_match_rate": {
      "value": 1.0,
      "prompt_numbers": [
        "1",
        "2",
        "3"
      ]
    },
    "gengo_match_rate": {
      "value": 0.26666666666666666,
      "prompt_numbers": [
        "1"
      ]
    }
  },
  "all_prompt_metrics": {
    "1": {
      "num_samples": 300,
      "full_match_rate": 0.0,
      "tolerance_match_rate": 0.02666666666666667,
      "format_match_rate": 1.0,
      "gengo_match_rate": 0.26666666666666666
    },
    "2": {
      "num_samples": 300,
      "full_match_rate": 0.0033333333333333335,
      "tolerance_match_rate": 0.03666666666666667,
      "format_match_rate": 1.0,
      "gengo_match_rate": 0.2633333333333333
    },
    "3": {
      "num_samples": 300,
      "full_match_rate": 0.0,
      "tolerance_match_rate": 0.0,
      "format_match_rate": 1.0,
      "gengo_match_rate": 0.04666666666666667
    }
  }
}