{
  "average_scores": {
    "full_match_rate": 0.02888888888888889,
    "tolerance_match_rate": 0.19444444444444442,
    "format_match_rate": 0.8922222222222222,
    "gengo_match_rate": 0.6188888888888889
  },
  "max_scores": {
    "full_match_rate": {
      "value": 0.043333333333333335,
      "prompt_numbers": [
        "1"
      ]
    },
    "tolerance_match_rate": {
      "value": 0.24333333333333335,
      "prompt_numbers": [
        "1"
      ]
    },
    "format_match_rate": {
      "value": 0.95,
      "prompt_numbers": [
        "1"
      ]
    },
    "gengo_match_rate": {
      "value": 0.6933333333333334,
      "prompt_numbers": [
        "1"
      ]
    }
  },
  "all_prompt_metrics": {
    "1": {
      "num_samples": 300,
      "full_match_rate": 0.043333333333333335,
      "tolerance_match_rate": 0.24333333333333335,
      "format_match_rate": 0.95,
      "gengo_match_rate": 0.6933333333333334
    },
    "2": {
      "num_samples": 300,
      "full_match_rate": 0.023333333333333334,
      "tolerance_match_rate": 0.16,
      "format_match_rate": 0.8533333333333334,
      "gengo_match_rate": 0.5433333333333333
    },
    "3": {
      "num_samples": 300,
      "full_match_rate": 0.02,
      "tolerance_match_rate": 0.18,
      "format_match_rate": 0.8733333333333333,
      "gengo_match_rate": 0.62
    }
  }
}