{
  "average_scores": {
    "full_match_rate": 0.012222222222222223,
    "tolerance_match_rate": 0.11111111111111112,
    "format_match_rate": 0.9333333333333332,
    "gengo_match_rate": 0.1877777777777778
  },
  "max_scores": {
    "full_match_rate": {
      "value": 0.016666666666666666,
      "prompt_numbers": [
        "2"
      ]
    },
    "tolerance_match_rate": {
      "value": 0.12666666666666668,
      "prompt_numbers": [
        "2"
      ]
    },
    "format_match_rate": {
      "value": 0.95,
      "prompt_numbers": [
        "1"
      ]
    },
    "gengo_match_rate": {
      "value": 0.21,
      "prompt_numbers": [
        "3"
      ]
    }
  },
  "all_prompt_metrics": {
    "1": {
      "num_samples": 300,
      "full_match_rate": 0.01,
      "tolerance_match_rate": 0.08333333333333333,
      "format_match_rate": 0.95,
      "gengo_match_rate": 0.15
    },
    "2": {
      "num_samples": 300,
      "full_match_rate": 0.016666666666666666,
      "tolerance_match_rate": 0.12666666666666668,
      "format_match_rate": 0.91,
      "gengo_match_rate": 0.20333333333333334
    },
    "3": {
      "num_samples": 300,
      "full_match_rate": 0.01,
      "tolerance_match_rate": 0.12333333333333334,
      "format_match_rate": 0.94,
      "gengo_match_rate": 0.21
    }
  }
}