{
  "average_scores": {
    "full_match_rate": 0.021111111111111112,
    "tolerance_match_rate": 0.11,
    "format_match_rate": 0.9055555555555556,
    "gengo_match_rate": 0.6211111111111111
  },
  "max_scores": {
    "full_match_rate": {
      "value": 0.02666666666666667,
      "prompt_numbers": [
        "2"
      ]
    },
    "tolerance_match_rate": {
      "value": 0.12,
      "prompt_numbers": [
        "3"
      ]
    },
    "format_match_rate": {
      "value": 0.9133333333333333,
      "prompt_numbers": [
        "1"
      ]
    },
    "gengo_match_rate": {
      "value": 0.6266666666666667,
      "prompt_numbers": [
        "1"
      ]
    }
  },
  "all_prompt_metrics": {
    "1": {
      "num_samples": 300,
      "full_match_rate": 0.02,
      "tolerance_match_rate": 0.11,
      "format_match_rate": 0.9133333333333333,
      "gengo_match_rate": 0.6266666666666667
    },
    "2": {
      "num_samples": 300,
      "full_match_rate": 0.02666666666666667,
      "tolerance_match_rate": 0.1,
      "format_match_rate": 0.8933333333333333,
      "gengo_match_rate": 0.6233333333333333
    },
    "3": {
      "num_samples": 300,
      "full_match_rate": 0.016666666666666666,
      "tolerance_match_rate": 0.12,
      "format_match_rate": 0.91,
      "gengo_match_rate": 0.6133333333333333
    }
  }
}