{
  "average_scores": {
    "full_match_rate": 0.021111111111111112,
    "tolerance_match_rate": 0.12555555555555556,
    "format_match_rate": 0.7644444444444445,
    "gengo_match_rate": 0.30777777777777776
  },
  "max_scores": {
    "full_match_rate": {
      "value": 0.023333333333333334,
      "prompt_numbers": [
        "3"
      ]
    },
    "tolerance_match_rate": {
      "value": 0.14666666666666667,
      "prompt_numbers": [
        "1"
      ]
    },
    "format_match_rate": {
      "value": 0.9433333333333334,
      "prompt_numbers": [
        "1"
      ]
    },
    "gengo_match_rate": {
      "value": 0.4866666666666667,
      "prompt_numbers": [
        "1"
      ]
    }
  },
  "all_prompt_metrics": {
    "1": {
      "num_samples": 300,
      "full_match_rate": 0.02,
      "tolerance_match_rate": 0.14666666666666667,
      "format_match_rate": 0.9433333333333334,
      "gengo_match_rate": 0.4866666666666667
    },
    "2": {
      "num_samples": 300,
      "full_match_rate": 0.02,
      "tolerance_match_rate": 0.10666666666666667,
      "format_match_rate": 0.66,
      "gengo_match_rate": 0.21666666666666667
    },
    "3": {
      "num_samples": 300,
      "full_match_rate": 0.023333333333333334,
      "tolerance_match_rate": 0.12333333333333334,
      "format_match_rate": 0.69,
      "gengo_match_rate": 0.22
    }
  }
}