{
  "average_scores": {
    "full_match_rate": 0.3111111111111111,
    "tolerance_match_rate": 0.3877777777777778,
    "format_match_rate": 0.9866666666666667
  },
  "max_scores": {
    "full_match_rate": {
      "value": 0.32,
      "prompt_numbers": [
        "3"
      ]
    },
    "tolerance_match_rate": {
      "value": 0.4033333333333333,
      "prompt_numbers": [
        "3"
      ]
    },
    "format_match_rate": {
      "value": 0.9933333333333333,
      "prompt_numbers": [
        "1"
      ]
    }
  },
  "all_prompt_metrics": {
    "1": {
      "num_samples": 300,
      "full_match_rate": 0.2966666666666667,
      "tolerance_match_rate": 0.37333333333333335,
      "format_match_rate": 0.9933333333333333
    },
    "2": {
      "num_samples": 300,
      "full_match_rate": 0.31666666666666665,
      "tolerance_match_rate": 0.38666666666666666,
      "format_match_rate": 0.9833333333333333
    },
    "3": {
      "num_samples": 300,
      "full_match_rate": 0.32,
      "tolerance_match_rate": 0.4033333333333333,
      "format_match_rate": 0.9833333333333333
    }
  }
}