{
  "average_scores": {
    "full_match_rate": 0.34194444444444444,
    "tolerance_match_rate": 0.4458333333333333,
    "format_match_rate": 0.9955555555555556
  },
  "max_scores": {
    "full_match_rate": {
      "value": 0.345,
      "prompt_numbers": [
        "3"
      ]
    },
    "tolerance_match_rate": {
      "value": 0.4525,
      "prompt_numbers": [
        "3"
      ]
    },
    "format_match_rate": {
      "value": 0.9983333333333333,
      "prompt_numbers": [
        "1"
      ]
    }
  },
  "all_prompt_metrics": {
    "1": {
      "num_samples": 4,
      "full_match_rate": 0.3383333333333333,
      "tolerance_match_rate": 0.4441666666666667,
      "format_match_rate": 0.9983333333333333
    },
    "2": {
      "num_samples": 4,
      "full_match_rate": 0.3425,
      "tolerance_match_rate": 0.4408333333333333,
      "format_match_rate": 0.9933333333333333
    },
    "3": {
      "num_samples": 4,
      "full_match_rate": 0.345,
      "tolerance_match_rate": 0.4525,
      "format_match_rate": 0.995
    }
  }
}