{
  "average_scores": {
    "full_match_rate": 0.025555555555555557,
    "tolerance_match_rate": 0.09000000000000001,
    "format_match_rate": 0.9855555555555555,
    "gengo_match_rate": 0.44222222222222224
  },
  "max_scores": {
    "full_match_rate": {
      "value": 0.02666666666666667,
      "prompt_numbers": [
        "2",
        "3"
      ]
    },
    "tolerance_match_rate": {
      "value": 0.09333333333333334,
      "prompt_numbers": [
        "1",
        "3"
      ]
    },
    "format_match_rate": {
      "value": 0.9966666666666667,
      "prompt_numbers": [
        "3"
      ]
    },
    "gengo_match_rate": {
      "value": 0.4766666666666667,
      "prompt_numbers": [
        "3"
      ]
    }
  },
  "all_prompt_metrics": {
    "1": {
      "num_samples": 300,
      "full_match_rate": 0.023333333333333334,
      "tolerance_match_rate": 0.09333333333333334,
      "format_match_rate": 0.9933333333333333,
      "gengo_match_rate": 0.47
    },
    "2": {
      "num_samples": 300,
      "full_match_rate": 0.02666666666666667,
      "tolerance_match_rate": 0.08333333333333333,
      "format_match_rate": 0.9666666666666667,
      "gengo_match_rate": 0.38
    },
    "3": {
      "num_samples": 300,
      "full_match_rate": 0.02666666666666667,
      "tolerance_match_rate": 0.09333333333333334,
      "format_match_rate": 0.9966666666666667,
      "gengo_match_rate": 0.4766666666666667
    }
  }
}