{
  "average_scores": {
    "full_match_rate": 0.07305555555555555,
    "tolerance_match_rate": 0.28194444444444444,
    "format_match_rate": 0.9550000000000001,
    "gengo_match_rate": 0.5588888888888889
  },
  "max_scores": {
    "full_match_rate": {
      "value": 0.07916666666666666,
      "prompt_numbers": [
        "1"
      ]
    },
    "tolerance_match_rate": {
      "value": 0.3041666666666667,
      "prompt_numbers": [
        "1"
      ]
    },
    "format_match_rate": {
      "value": 0.9858333333333333,
      "prompt_numbers": [
        "1"
      ]
    },
    "gengo_match_rate": {
      "value": 0.5983333333333334,
      "prompt_numbers": [
        "1"
      ]
    }
  },
  "all_prompt_metrics": {
    "1": {
      "num_samples": 4,
      "full_match_rate": 0.07916666666666666,
      "tolerance_match_rate": 0.3041666666666667,
      "format_match_rate": 0.9858333333333333,
      "gengo_match_rate": 0.5983333333333334
    },
    "2": {
      "num_samples": 4,
      "full_match_rate": 0.07083333333333333,
      "tolerance_match_rate": 0.2766666666666666,
      "format_match_rate": 0.9066666666666666,
      "gengo_match_rate": 0.5208333333333333
    },
    "3": {
      "num_samples": 4,
      "full_match_rate": 0.06916666666666665,
      "tolerance_match_rate": 0.265,
      "format_match_rate": 0.9724999999999999,
      "gengo_match_rate": 0.5574999999999999
    }
  }
}