{
  "average_scores": {
    "full_match_rate": 0.0033333333333333335,
    "tolerance_match_rate": 0.008888888888888889,
    "format_match_rate": 1.0,
    "gengo_match_rate": 0.10888888888888891
  },
  "max_scores": {
    "full_match_rate": {
      "value": 0.006666666666666667,
      "prompt_numbers": [
        "1"
      ]
    },
    "tolerance_match_rate": {
      "value": 0.016666666666666666,
      "prompt_numbers": [
        "1"
      ]
    },
    "format_match_rate": {
      "value": 1.0,
      "prompt_numbers": [
        "1",
        "2",
        "3"
      ]
    },
    "gengo_match_rate": {
      "value": 0.17333333333333334,
      "prompt_numbers": [
        "1"
      ]
    }
  },
  "all_prompt_metrics": {
    "1": {
      "num_samples": 300,
      "full_match_rate": 0.006666666666666667,
      "tolerance_match_rate": 0.016666666666666666,
      "format_match_rate": 1.0,
      "gengo_match_rate": 0.17333333333333334
    },
    "2": {
      "num_samples": 300,
      "full_match_rate": 0.0033333333333333335,
      "tolerance_match_rate": 0.01,
      "format_match_rate": 1.0,
      "gengo_match_rate": 0.15
    },
    "3": {
      "num_samples": 300,
      "full_match_rate": 0.0,
      "tolerance_match_rate": 0.0,
      "format_match_rate": 1.0,
      "gengo_match_rate": 0.0033333333333333335
    }
  }
}