{
  "average_scores": {
    "full_match_rate": 0.006666666666666665,
    "tolerance_match_rate": 0.036944444444444446,
    "format_match_rate": 1.0,
    "gengo_match_rate": 0.16111111111111112
  },
  "max_scores": {
    "full_match_rate": {
      "value": 0.01,
      "prompt_numbers": [
        "1"
      ]
    },
    "tolerance_match_rate": {
      "value": 0.051666666666666666,
      "prompt_numbers": [
        "2"
      ]
    },
    "format_match_rate": {
      "value": 1.0,
      "prompt_numbers": [
        "1",
        "2",
        "3"
      ]
    },
    "gengo_match_rate": {
      "value": 0.21583333333333332,
      "prompt_numbers": [
        "1"
      ]
    }
  },
  "all_prompt_metrics": {
    "1": {
      "num_samples": 4,
      "full_match_rate": 0.01,
      "tolerance_match_rate": 0.05,
      "format_match_rate": 1.0,
      "gengo_match_rate": 0.21583333333333332
    },
    "2": {
      "num_samples": 4,
      "full_match_rate": 0.009166666666666667,
      "tolerance_match_rate": 0.051666666666666666,
      "format_match_rate": 1.0,
      "gengo_match_rate": 0.20750000000000002
    },
    "3": {
      "num_samples": 4,
      "full_match_rate": 0.0008333333333333334,
      "tolerance_match_rate": 0.009166666666666667,
      "format_match_rate": 1.0,
      "gengo_match_rate": 0.06
    }
  }
}