{
  "average_scores": {
    "full_match_rate": 0.19111111111111112,
    "tolerance_match_rate": 0.3155555555555556,
    "format_match_rate": 0.9977777777777778
  },
  "max_scores": {
    "full_match_rate": {
      "value": 0.20333333333333334,
      "prompt_numbers": [
        "2"
      ]
    },
    "tolerance_match_rate": {
      "value": 0.32666666666666666,
      "prompt_numbers": [
        "2"
      ]
    },
    "format_match_rate": {
      "value": 1.0,
      "prompt_numbers": [
        "2"
      ]
    }
  },
  "all_prompt_metrics": {
    "1": {
      "num_samples": 300,
      "full_match_rate": 0.19666666666666666,
      "tolerance_match_rate": 0.32,
      "format_match_rate": 0.9966666666666667
    },
    "2": {
      "num_samples": 300,
      "full_match_rate": 0.20333333333333334,
      "tolerance_match_rate": 0.32666666666666666,
      "format_match_rate": 1.0
    },
    "3": {
      "num_samples": 300,
      "full_match_rate": 0.17333333333333334,
      "tolerance_match_rate": 0.3,
      "format_match_rate": 0.9966666666666667
    }
  }
}