{
  "average_scores": {
    "full_match_rate": 0.26666666666666666,
    "tolerance_match_rate": 0.29888888888888887,
    "format_match_rate": 0.9944444444444445
  },
  "max_scores": {
    "full_match_rate": {
      "value": 0.28,
      "prompt_numbers": [
        "1"
      ]
    },
    "tolerance_match_rate": {
      "value": 0.31333333333333335,
      "prompt_numbers": [
        "1"
      ]
    },
    "format_match_rate": {
      "value": 0.9966666666666667,
      "prompt_numbers": [
        "2"
      ]
    }
  },
  "all_prompt_metrics": {
    "1": {
      "num_samples": 300,
      "full_match_rate": 0.28,
      "tolerance_match_rate": 0.31333333333333335,
      "format_match_rate": 0.9933333333333333
    },
    "2": {
      "num_samples": 300,
      "full_match_rate": 0.2633333333333333,
      "tolerance_match_rate": 0.29,
      "format_match_rate": 0.9966666666666667
    },
    "3": {
      "num_samples": 300,
      "full_match_rate": 0.25666666666666665,
      "tolerance_match_rate": 0.29333333333333333,
      "format_match_rate": 0.9933333333333333
    }
  }
}