{
  "average_scores": {
    "full_match_rate": 0.22166666666666665,
    "tolerance_match_rate": 0.3127777777777778,
    "format_match_rate": 0.9947222222222223
  },
  "max_scores": {
    "full_match_rate": {
      "value": 0.23416666666666663,
      "prompt_numbers": [
        "1"
      ]
    },
    "tolerance_match_rate": {
      "value": 0.32583333333333336,
      "prompt_numbers": [
        "1"
      ]
    },
    "format_match_rate": {
      "value": 0.9958333333333333,
      "prompt_numbers": [
        "2"
      ]
    }
  },
  "all_prompt_metrics": {
    "1": {
      "num_samples": 4,
      "full_match_rate": 0.23416666666666663,
      "tolerance_match_rate": 0.32583333333333336,
      "format_match_rate": 0.9941666666666666
    },
    "2": {
      "num_samples": 4,
      "full_match_rate": 0.22249999999999998,
      "tolerance_match_rate": 0.315,
      "format_match_rate": 0.9958333333333333
    },
    "3": {
      "num_samples": 4,
      "full_match_rate": 0.20833333333333334,
      "tolerance_match_rate": 0.29750000000000004,
      "format_match_rate": 0.9941666666666666
    }
  }
}