{
  "average_scores": {
    "full_match_rate": 0.31222222222222223,
    "tolerance_match_rate": 0.3855555555555556,
    "format_match_rate": 0.9899999999999999
  },
  "max_scores": {
    "full_match_rate": {
      "value": 0.3233333333333333,
      "prompt_numbers": [
        "1"
      ]
    },
    "tolerance_match_rate": {
      "value": 0.3933333333333333,
      "prompt_numbers": [
        "2"
      ]
    },
    "format_match_rate": {
      "value": 0.99,
      "prompt_numbers": [
        "1",
        "2",
        "3"
      ]
    }
  },
  "all_prompt_metrics": {
    "1": {
      "num_samples": 300,
      "full_match_rate": 0.3233333333333333,
      "tolerance_match_rate": 0.39,
      "format_match_rate": 0.99
    },
    "2": {
      "num_samples": 300,
      "full_match_rate": 0.31,
      "tolerance_match_rate": 0.3933333333333333,
      "format_match_rate": 0.99
    },
    "3": {
      "num_samples": 300,
      "full_match_rate": 0.30333333333333334,
      "tolerance_match_rate": 0.37333333333333335,
      "format_match_rate": 0.99
    }
  }
}