{
  "average_scores": {
    "full_match_rate": 0.16777777777777778,
    "tolerance_match_rate": 0.37777777777777777,
    "format_match_rate": 0.6655555555555556,
    "gengo_match_rate": 0.43222222222222223
  },
  "max_scores": {
    "full_match_rate": {
      "value": 0.19333333333333333,
      "prompt_numbers": [
        "1"
      ]
    },
    "tolerance_match_rate": {
      "value": 0.42,
      "prompt_numbers": [
        "1"
      ]
    },
    "format_match_rate": {
      "value": 0.7,
      "prompt_numbers": [
        "1"
      ]
    },
    "gengo_match_rate": {
      "value": 0.48333333333333334,
      "prompt_numbers": [
        "1"
      ]
    }
  },
  "all_prompt_metrics": {
    "1": {
      "num_samples": 300,
      "full_match_rate": 0.19333333333333333,
      "tolerance_match_rate": 0.42,
      "format_match_rate": 0.7,
      "gengo_match_rate": 0.48333333333333334
    },
    "2": {
      "num_samples": 300,
      "full_match_rate": 0.14666666666666667,
      "tolerance_match_rate": 0.3433333333333333,
      "format_match_rate": 0.64,
      "gengo_match_rate": 0.3933333333333333
    },
    "3": {
      "num_samples": 300,
      "full_match_rate": 0.16333333333333333,
      "tolerance_match_rate": 0.37,
      "format_match_rate": 0.6566666666666666,
      "gengo_match_rate": 0.42
    }
  }
}