{
  "average_scores": {
    "full_match_rate": 0.06555555555555555,
    "tolerance_match_rate": 0.21666666666666667,
    "format_match_rate": 0.8844444444444445,
    "gengo_match_rate": 0.6066666666666667
  },
  "max_scores": {
    "full_match_rate": {
      "value": 0.07333333333333333,
      "prompt_numbers": [
        "3"
      ]
    },
    "tolerance_match_rate": {
      "value": 0.23,
      "prompt_numbers": [
        "3"
      ]
    },
    "format_match_rate": {
      "value": 0.8866666666666667,
      "prompt_numbers": [
        "2",
        "3"
      ]
    },
    "gengo_match_rate": {
      "value": 0.6266666666666667,
      "prompt_numbers": [
        "3"
      ]
    }
  },
  "all_prompt_metrics": {
    "1": {
      "num_samples": 300,
      "full_match_rate": 0.06,
      "tolerance_match_rate": 0.21666666666666667,
      "format_match_rate": 0.88,
      "gengo_match_rate": 0.5866666666666667
    },
    "2": {
      "num_samples": 300,
      "full_match_rate": 0.06333333333333334,
      "tolerance_match_rate": 0.20333333333333334,
      "format_match_rate": 0.8866666666666667,
      "gengo_match_rate": 0.6066666666666667
    },
    "3": {
      "num_samples": 300,
      "full_match_rate": 0.07333333333333333,
      "tolerance_match_rate": 0.23,
      "format_match_rate": 0.8866666666666667,
      "gengo_match_rate": 0.6266666666666667
    }
  }
}