{
  "average_scores": {
    "full_match_rate": 0.17444444444444449,
    "tolerance_match_rate": 0.48444444444444446,
    "format_match_rate": 0.821111111111111,
    "gengo_match_rate": 0.7066666666666667
  },
  "max_scores": {
    "full_match_rate": {
      "value": 0.19,
      "prompt_numbers": [
        "3"
      ]
    },
    "tolerance_match_rate": {
      "value": 0.5,
      "prompt_numbers": [
        "3"
      ]
    },
    "format_match_rate": {
      "value": 0.8366666666666667,
      "prompt_numbers": [
        "3"
      ]
    },
    "gengo_match_rate": {
      "value": 0.7266666666666667,
      "prompt_numbers": [
        "3"
      ]
    }
  },
  "all_prompt_metrics": {
    "1": {
      "num_samples": 300,
      "full_match_rate": 0.16,
      "tolerance_match_rate": 0.47333333333333333,
      "format_match_rate": 0.82,
      "gengo_match_rate": 0.71
    },
    "2": {
      "num_samples": 300,
      "full_match_rate": 0.17333333333333334,
      "tolerance_match_rate": 0.48,
      "format_match_rate": 0.8066666666666666,
      "gengo_match_rate": 0.6833333333333333
    },
    "3": {
      "num_samples": 300,
      "full_match_rate": 0.19,
      "tolerance_match_rate": 0.5,
      "format_match_rate": 0.8366666666666667,
      "gengo_match_rate": 0.7266666666666667
    }
  }
}