{
  "average_scores": {
    "full_match_rate": 0.03361111111111111,
    "tolerance_match_rate": 0.15361111111111111,
    "format_match_rate": 0.9997222222222222
  },
  "max_scores": {
    "full_match_rate": {
      "value": 0.035833333333333335,
      "prompt_numbers": [
        "1"
      ]
    },
    "tolerance_match_rate": {
      "value": 0.16833333333333333,
      "prompt_numbers": [
        "1"
      ]
    },
    "format_match_rate": {
      "value": 1.0,
      "prompt_numbers": [
        "2",
        "3"
      ]
    }
  },
  "all_prompt_metrics": {
    "1": {
      "num_samples": 4,
      "full_match_rate": 0.035833333333333335,
      "tolerance_match_rate": 0.16833333333333333,
      "format_match_rate": 0.9991666666666666
    },
    "2": {
      "num_samples": 4,
      "full_match_rate": 0.035,
      "tolerance_match_rate": 0.15333333333333332,
      "format_match_rate": 1.0
    },
    "3": {
      "num_samples": 4,
      "full_match_rate": 0.03,
      "tolerance_match_rate": 0.13916666666666666,
      "format_match_rate": 1.0
    }
  }
}