{
  "average_scores": {
    "full_match_rate": 0.05666666666666667,
    "tolerance_match_rate": 0.21444444444444444,
    "format_match_rate": 0.9499999999999998,
    "gengo_match_rate": 0.7555555555555555
  },
  "max_scores": {
    "full_match_rate": {
      "value": 0.06333333333333334,
      "prompt_numbers": [
        "1"
      ]
    },
    "tolerance_match_rate": {
      "value": 0.23666666666666666,
      "prompt_numbers": [
        "2"
      ]
    },
    "format_match_rate": {
      "value": 0.9533333333333334,
      "prompt_numbers": [
        "3"
      ]
    },
    "gengo_match_rate": {
      "value": 0.7733333333333333,
      "prompt_numbers": [
        "3"
      ]
    }
  },
  "all_prompt_metrics": {
    "1": {
      "num_samples": 300,
      "full_match_rate": 0.06333333333333334,
      "tolerance_match_rate": 0.20666666666666667,
      "format_match_rate": 0.95,
      "gengo_match_rate": 0.7433333333333333
    },
    "2": {
      "num_samples": 300,
      "full_match_rate": 0.05333333333333334,
      "tolerance_match_rate": 0.23666666666666666,
      "format_match_rate": 0.9466666666666667,
      "gengo_match_rate": 0.75
    },
    "3": {
      "num_samples": 300,
      "full_match_rate": 0.05333333333333334,
      "tolerance_match_rate": 0.2,
      "format_match_rate": 0.9533333333333334,
      "gengo_match_rate": 0.7733333333333333
    }
  }
}