{
  "average_scores": {
    "full_match_rate": 0.04666666666666667,
    "tolerance_match_rate": 0.2511111111111111,
    "format_match_rate": 0.81,
    "gengo_match_rate": 0.64
  },
  "max_scores": {
    "full_match_rate": {
      "value": 0.05,
      "prompt_numbers": [
        "2"
      ]
    },
    "tolerance_match_rate": {
      "value": 0.2733333333333333,
      "prompt_numbers": [
        "1"
      ]
    },
    "format_match_rate": {
      "value": 0.9733333333333334,
      "prompt_numbers": [
        "1"
      ]
    },
    "gengo_match_rate": {
      "value": 0.72,
      "prompt_numbers": [
        "1"
      ]
    }
  },
  "all_prompt_metrics": {
    "1": {
      "num_samples": 300,
      "full_match_rate": 0.04666666666666667,
      "tolerance_match_rate": 0.2733333333333333,
      "format_match_rate": 0.9733333333333334,
      "gengo_match_rate": 0.72
    },
    "2": {
      "num_samples": 300,
      "full_match_rate": 0.05,
      "tolerance_match_rate": 0.23333333333333334,
      "format_match_rate": 0.6933333333333334,
      "gengo_match_rate": 0.5666666666666667
    },
    "3": {
      "num_samples": 300,
      "full_match_rate": 0.043333333333333335,
      "tolerance_match_rate": 0.24666666666666667,
      "format_match_rate": 0.7633333333333333,
      "gengo_match_rate": 0.6333333333333333
    }
  }
}