{
  "average_scores": {
    "full_match_rate": 0.13222222222222224,
    "tolerance_match_rate": 0.17888888888888888,
    "format_match_rate": 0.9944444444444445
  },
  "max_scores": {
    "full_match_rate": {
      "value": 0.14,
      "prompt_numbers": [
        "1"
      ]
    },
    "tolerance_match_rate": {
      "value": 0.19333333333333333,
      "prompt_numbers": [
        "1"
      ]
    },
    "format_match_rate": {
      "value": 0.9966666666666667,
      "prompt_numbers": [
        "3"
      ]
    }
  },
  "all_prompt_metrics": {
    "1": {
      "num_samples": 300,
      "full_match_rate": 0.14,
      "tolerance_match_rate": 0.19333333333333333,
      "format_match_rate": 0.9933333333333333
    },
    "2": {
      "num_samples": 300,
      "full_match_rate": 0.12333333333333334,
      "tolerance_match_rate": 0.16333333333333333,
      "format_match_rate": 0.9933333333333333
    },
    "3": {
      "num_samples": 300,
      "full_match_rate": 0.13333333333333333,
      "tolerance_match_rate": 0.18,
      "format_match_rate": 0.9966666666666667
    }
  }
}