{
  "average_scores": {
    "full_match_rate": 0.2688888888888889,
    "tolerance_match_rate": 0.32555555555555554,
    "format_match_rate": 0.9933333333333333
  },
  "max_scores": {
    "full_match_rate": {
      "value": 0.2733333333333333,
      "prompt_numbers": [
        "3"
      ]
    },
    "tolerance_match_rate": {
      "value": 0.32666666666666666,
      "prompt_numbers": [
        "1",
        "3"
      ]
    },
    "format_match_rate": {
      "value": 0.9933333333333333,
      "prompt_numbers": [
        "1",
        "2",
        "3"
      ]
    }
  },
  "all_prompt_metrics": {
    "1": {
      "num_samples": 300,
      "full_match_rate": 0.2633333333333333,
      "tolerance_match_rate": 0.32666666666666666,
      "format_match_rate": 0.9933333333333333
    },
    "2": {
      "num_samples": 300,
      "full_match_rate": 0.27,
      "tolerance_match_rate": 0.3233333333333333,
      "format_match_rate": 0.9933333333333333
    },
    "3": {
      "num_samples": 300,
      "full_match_rate": 0.2733333333333333,
      "tolerance_match_rate": 0.32666666666666666,
      "format_match_rate": 0.9933333333333333
    }
  }
}