{
  "average_scores": {
    "full_match_rate": 0.5044444444444444,
    "tolerance_match_rate": 0.58,
    "format_match_rate": 0.8066666666666666
  },
  "max_scores": {
    "full_match_rate": {
      "value": 0.5266666666666666,
      "prompt_numbers": [
        "2"
      ]
    },
    "tolerance_match_rate": {
      "value": 0.6033333333333334,
      "prompt_numbers": [
        "2"
      ]
    },
    "format_match_rate": {
      "value": 0.87,
      "prompt_numbers": [
        "2"
      ]
    }
  },
  "all_prompt_metrics": {
    "1": {
      "num_samples": 300,
      "full_match_rate": 0.5033333333333333,
      "tolerance_match_rate": 0.59,
      "format_match_rate": 0.8533333333333334
    },
    "2": {
      "num_samples": 300,
      "full_match_rate": 0.5266666666666666,
      "tolerance_match_rate": 0.6033333333333334,
      "format_match_rate": 0.87
    },
    "3": {
      "num_samples": 300,
      "full_match_rate": 0.48333333333333334,
      "tolerance_match_rate": 0.5466666666666666,
      "format_match_rate": 0.6966666666666667
    }
  }
}