{
  "average_scores": {
    "full_match_rate": 0.57,
    "tolerance_match_rate": 0.611111111111111,
    "format_match_rate": 0.8677777777777779
  },
  "max_scores": {
    "full_match_rate": {
      "value": 0.5966666666666667,
      "prompt_numbers": [
        "2"
      ]
    },
    "tolerance_match_rate": {
      "value": 0.6466666666666666,
      "prompt_numbers": [
        "2"
      ]
    },
    "format_match_rate": {
      "value": 0.9233333333333333,
      "prompt_numbers": [
        "2"
      ]
    }
  },
  "all_prompt_metrics": {
    "1": {
      "num_samples": 300,
      "full_match_rate": 0.57,
      "tolerance_match_rate": 0.61,
      "format_match_rate": 0.8866666666666667
    },
    "2": {
      "num_samples": 300,
      "full_match_rate": 0.5966666666666667,
      "tolerance_match_rate": 0.6466666666666666,
      "format_match_rate": 0.9233333333333333
    },
    "3": {
      "num_samples": 300,
      "full_match_rate": 0.5433333333333333,
      "tolerance_match_rate": 0.5766666666666667,
      "format_match_rate": 0.7933333333333333
    }
  }
}