{
  "average_scores": {
    "full_match_rate": 0.5599999999999999,
    "tolerance_match_rate": 0.5822222222222222,
    "format_match_rate": 0.9166666666666666
  },
  "max_scores": {
    "full_match_rate": {
      "value": 0.5733333333333334,
      "prompt_numbers": [
        "2"
      ]
    },
    "tolerance_match_rate": {
      "value": 0.6,
      "prompt_numbers": [
        "2"
      ]
    },
    "format_match_rate": {
      "value": 0.9566666666666667,
      "prompt_numbers": [
        "2"
      ]
    }
  },
  "all_prompt_metrics": {
    "1": {
      "num_samples": 300,
      "full_match_rate": 0.5566666666666666,
      "tolerance_match_rate": 0.5833333333333334,
      "format_match_rate": 0.9233333333333333
    },
    "2": {
      "num_samples": 300,
      "full_match_rate": 0.5733333333333334,
      "tolerance_match_rate": 0.6,
      "format_match_rate": 0.9566666666666667
    },
    "3": {
      "num_samples": 300,
      "full_match_rate": 0.55,
      "tolerance_match_rate": 0.5633333333333334,
      "format_match_rate": 0.87
    }
  }
}