{
  "average_scores": {
    "full_match_rate": 0.05555555555555556,
    "tolerance_match_rate": 0.25555555555555554,
    "format_match_rate": 0.6455555555555555,
    "gengo_match_rate": 0.3411111111111111
  },
  "max_scores": {
    "full_match_rate": {
      "value": 0.07333333333333333,
      "prompt_numbers": [
        "1"
      ]
    },
    "tolerance_match_rate": {
      "value": 0.3,
      "prompt_numbers": [
        "1"
      ]
    },
    "format_match_rate": {
      "value": 0.7933333333333333,
      "prompt_numbers": [
        "1"
      ]
    },
    "gengo_match_rate": {
      "value": 0.44,
      "prompt_numbers": [
        "1"
      ]
    }
  },
  "all_prompt_metrics": {
    "1": {
      "num_samples": 300,
      "full_match_rate": 0.07333333333333333,
      "tolerance_match_rate": 0.3,
      "format_match_rate": 0.7933333333333333,
      "gengo_match_rate": 0.44
    },
    "2": {
      "num_samples": 300,
      "full_match_rate": 0.05333333333333334,
      "tolerance_match_rate": 0.2633333333333333,
      "format_match_rate": 0.6033333333333334,
      "gengo_match_rate": 0.31666666666666665
    },
    "3": {
      "num_samples": 300,
      "full_match_rate": 0.04,
      "tolerance_match_rate": 0.20333333333333334,
      "format_match_rate": 0.54,
      "gengo_match_rate": 0.26666666666666666
    }
  }
}