{
  "average_scores": {
    "full_match_rate": 0.09222222222222222,
    "tolerance_match_rate": 0.34555555555555556,
    "format_match_rate": 0.9322222222222223,
    "gengo_match_rate": 0.5466666666666667
  },
  "max_scores": {
    "full_match_rate": {
      "value": 0.09666666666666666,
      "prompt_numbers": [
        "3"
      ]
    },
    "tolerance_match_rate": {
      "value": 0.37666666666666665,
      "prompt_numbers": [
        "3"
      ]
    },
    "format_match_rate": {
      "value": 0.9366666666666666,
      "prompt_numbers": [
        "1"
      ]
    },
    "gengo_match_rate": {
      "value": 0.5766666666666667,
      "prompt_numbers": [
        "3"
      ]
    }
  },
  "all_prompt_metrics": {
    "1": {
      "num_samples": 300,
      "full_match_rate": 0.09,
      "tolerance_match_rate": 0.3233333333333333,
      "format_match_rate": 0.9366666666666666,
      "gengo_match_rate": 0.5066666666666667
    },
    "2": {
      "num_samples": 300,
      "full_match_rate": 0.09,
      "tolerance_match_rate": 0.33666666666666667,
      "format_match_rate": 0.93,
      "gengo_match_rate": 0.5566666666666666
    },
    "3": {
      "num_samples": 300,
      "full_match_rate": 0.09666666666666666,
      "tolerance_match_rate": 0.37666666666666665,
      "format_match_rate": 0.93,
      "gengo_match_rate": 0.5766666666666667
    }
  }
}