{
  "average_scores": {
    "full_match_rate": 0.0788888888888889,
    "tolerance_match_rate": 0.41,
    "format_match_rate": 0.8099999999999999,
    "gengo_match_rate": 0.7233333333333333
  },
  "max_scores": {
    "full_match_rate": {
      "value": 0.08666666666666667,
      "prompt_numbers": [
        "2"
      ]
    },
    "tolerance_match_rate": {
      "value": 0.43666666666666665,
      "prompt_numbers": [
        "2"
      ]
    },
    "format_match_rate": {
      "value": 0.9033333333333333,
      "prompt_numbers": [
        "1"
      ]
    },
    "gengo_match_rate": {
      "value": 0.8033333333333333,
      "prompt_numbers": [
        "1"
      ]
    }
  },
  "all_prompt_metrics": {
    "1": {
      "num_samples": 300,
      "full_match_rate": 0.08,
      "tolerance_match_rate": 0.4066666666666667,
      "format_match_rate": 0.9033333333333333,
      "gengo_match_rate": 0.8033333333333333
    },
    "2": {
      "num_samples": 300,
      "full_match_rate": 0.08666666666666667,
      "tolerance_match_rate": 0.43666666666666665,
      "format_match_rate": 0.7866666666666666,
      "gengo_match_rate": 0.71
    },
    "3": {
      "num_samples": 300,
      "full_match_rate": 0.07,
      "tolerance_match_rate": 0.38666666666666666,
      "format_match_rate": 0.74,
      "gengo_match_rate": 0.6566666666666666
    }
  }
}