{
  "average_scores": {
    "full_match_rate": 0.09833333333333333,
    "tolerance_match_rate": 0.18083333333333332,
    "format_match_rate": 0.9991666666666666
  },
  "max_scores": {
    "full_match_rate": {
      "value": 0.1,
      "prompt_numbers": [
        "1"
      ]
    },
    "tolerance_match_rate": {
      "value": 0.1875,
      "prompt_numbers": [
        "2"
      ]
    },
    "format_match_rate": {
      "value": 1.0,
      "prompt_numbers": [
        "2"
      ]
    }
  },
  "all_prompt_metrics": {
    "1": {
      "num_samples": 4,
      "full_match_rate": 0.1,
      "tolerance_match_rate": 0.18666666666666665,
      "format_match_rate": 0.9983333333333333
    },
    "2": {
      "num_samples": 4,
      "full_match_rate": 0.09833333333333333,
      "tolerance_match_rate": 0.1875,
      "format_match_rate": 1.0
    },
    "3": {
      "num_samples": 4,
      "full_match_rate": 0.09666666666666666,
      "tolerance_match_rate": 0.16833333333333333,
      "format_match_rate": 0.9991666666666666
    }
  }
}