{
  "average_scores": {
    "full_match_rate": 0.07888888888888888,
    "tolerance_match_rate": 0.20444444444444443,
    "format_match_rate": 1.0
  },
  "max_scores": {
    "full_match_rate": {
      "value": 0.09666666666666666,
      "prompt_numbers": [
        "1"
      ]
    },
    "tolerance_match_rate": {
      "value": 0.22333333333333333,
      "prompt_numbers": [
        "1"
      ]
    },
    "format_match_rate": {
      "value": 1.0,
      "prompt_numbers": [
        "1",
        "2",
        "3"
      ]
    }
  },
  "all_prompt_metrics": {
    "1": {
      "num_samples": 300,
      "full_match_rate": 0.09666666666666666,
      "tolerance_match_rate": 0.22333333333333333,
      "format_match_rate": 1.0
    },
    "2": {
      "num_samples": 300,
      "full_match_rate": 0.07333333333333333,
      "tolerance_match_rate": 0.21666666666666667,
      "format_match_rate": 1.0
    },
    "3": {
      "num_samples": 300,
      "full_match_rate": 0.06666666666666667,
      "tolerance_match_rate": 0.17333333333333334,
      "format_match_rate": 1.0
    }
  }
}