{
  "average_scores": {
    "full_match_rate": 0.10333333333333333,
    "tolerance_match_rate": 0.21444444444444444,
    "format_match_rate": 0.9988888888888888
  },
  "max_scores": {
    "full_match_rate": {
      "value": 0.10666666666666667,
      "prompt_numbers": [
        "1",
        "2"
      ]
    },
    "tolerance_match_rate": {
      "value": 0.24,
      "prompt_numbers": [
        "1"
      ]
    },
    "format_match_rate": {
      "value": 1.0,
      "prompt_numbers": [
        "2",
        "3"
      ]
    }
  },
  "all_prompt_metrics": {
    "1": {
      "num_samples": 300,
      "full_match_rate": 0.10666666666666667,
      "tolerance_match_rate": 0.24,
      "format_match_rate": 0.9966666666666667
    },
    "2": {
      "num_samples": 300,
      "full_match_rate": 0.10666666666666667,
      "tolerance_match_rate": 0.22,
      "format_match_rate": 1.0
    },
    "3": {
      "num_samples": 300,
      "full_match_rate": 0.09666666666666666,
      "tolerance_match_rate": 0.18333333333333332,
      "format_match_rate": 1.0
    }
  }
}