{
  "average_scores": {
    "full_match_rate": 0.006666666666666667,
    "tolerance_match_rate": 0.02666666666666666,
    "format_match_rate": 1.0,
    "gengo_match_rate": 0.07222222222222223
  },
  "max_scores": {
    "full_match_rate": {
      "value": 0.01,
      "prompt_numbers": [
        "2"
      ]
    },
    "tolerance_match_rate": {
      "value": 0.04,
      "prompt_numbers": [
        "2"
      ]
    },
    "format_match_rate": {
      "value": 1.0,
      "prompt_numbers": [
        "1",
        "2",
        "3"
      ]
    },
    "gengo_match_rate": {
      "value": 0.10666666666666667,
      "prompt_numbers": [
        "2"
      ]
    }
  },
  "all_prompt_metrics": {
    "1": {
      "num_samples": 300,
      "full_match_rate": 0.006666666666666667,
      "tolerance_match_rate": 0.03666666666666667,
      "format_match_rate": 1.0,
      "gengo_match_rate": 0.10333333333333333
    },
    "2": {
      "num_samples": 300,
      "full_match_rate": 0.01,
      "tolerance_match_rate": 0.04,
      "format_match_rate": 1.0,
      "gengo_match_rate": 0.10666666666666667
    },
    "3": {
      "num_samples": 300,
      "full_match_rate": 0.0033333333333333335,
      "tolerance_match_rate": 0.0033333333333333335,
      "format_match_rate": 1.0,
      "gengo_match_rate": 0.006666666666666667
    }
  }
}