{
  "average_scores": {
    "full_match_rate": 0.0044444444444444444,
    "tolerance_match_rate": 0.030833333333333334,
    "format_match_rate": 1.0,
    "gengo_match_rate": 0.1638888888888889
  },
  "max_scores": {
    "full_match_rate": {
      "value": 0.006666666666666666,
      "prompt_numbers": [
        "2"
      ]
    },
    "tolerance_match_rate": {
      "value": 0.0475,
      "prompt_numbers": [
        "1"
      ]
    },
    "format_match_rate": {
      "value": 1.0,
      "prompt_numbers": [
        "1",
        "2",
        "3"
      ]
    },
    "gengo_match_rate": {
      "value": 0.27166666666666667,
      "prompt_numbers": [
        "1"
      ]
    }
  },
  "all_prompt_metrics": {
    "1": {
      "num_samples": 4,
      "full_match_rate": 0.005833333333333334,
      "tolerance_match_rate": 0.0475,
      "format_match_rate": 1.0,
      "gengo_match_rate": 0.27166666666666667
    },
    "2": {
      "num_samples": 4,
      "full_match_rate": 0.006666666666666666,
      "tolerance_match_rate": 0.042499999999999996,
      "format_match_rate": 1.0,
      "gengo_match_rate": 0.19749999999999998
    },
    "3": {
      "num_samples": 4,
      "full_match_rate": 0.0008333333333333334,
      "tolerance_match_rate": 0.0025,
      "format_match_rate": 1.0,
      "gengo_match_rate": 0.0225
    }
  }
}