{
  "average_scores": {
    "full_match_rate": 0.0044444444444444444,
    "tolerance_match_rate": 0.030000000000000002,
    "format_match_rate": 1.0,
    "gengo_match_rate": 0.2077777777777778
  },
  "max_scores": {
    "full_match_rate": {
      "value": 0.006666666666666667,
      "prompt_numbers": [
        "1",
        "2"
      ]
    },
    "tolerance_match_rate": {
      "value": 0.043333333333333335,
      "prompt_numbers": [
        "1"
      ]
    },
    "format_match_rate": {
      "value": 1.0,
      "prompt_numbers": [
        "1",
        "2",
        "3"
      ]
    },
    "gengo_match_rate": {
      "value": 0.2866666666666667,
      "prompt_numbers": [
        "1"
      ]
    }
  },
  "all_prompt_metrics": {
    "1": {
      "num_samples": 300,
      "full_match_rate": 0.006666666666666667,
      "tolerance_match_rate": 0.043333333333333335,
      "format_match_rate": 1.0,
      "gengo_match_rate": 0.2866666666666667
    },
    "2": {
      "num_samples": 300,
      "full_match_rate": 0.006666666666666667,
      "tolerance_match_rate": 0.04,
      "format_match_rate": 1.0,
      "gengo_match_rate": 0.2633333333333333
    },
    "3": {
      "num_samples": 300,
      "full_match_rate": 0.0,
      "tolerance_match_rate": 0.006666666666666667,
      "format_match_rate": 1.0,
      "gengo_match_rate": 0.07333333333333333
    }
  }
}