{
  "average_scores": {
    "full_match_rate": 0.03777777777777778,
    "tolerance_match_rate": 0.18555555555555556,
    "format_match_rate": 0.8583333333333333,
    "gengo_match_rate": 0.5213888888888889
  },
  "max_scores": {
    "full_match_rate": {
      "value": 0.043333333333333335,
      "prompt_numbers": [
        "1"
      ]
    },
    "tolerance_match_rate": {
      "value": 0.20583333333333334,
      "prompt_numbers": [
        "1"
      ]
    },
    "format_match_rate": {
      "value": 0.9216666666666666,
      "prompt_numbers": [
        "1"
      ]
    },
    "gengo_match_rate": {
      "value": 0.5700000000000001,
      "prompt_numbers": [
        "1"
      ]
    }
  },
  "all_prompt_metrics": {
    "1": {
      "num_samples": 4,
      "full_match_rate": 0.043333333333333335,
      "tolerance_match_rate": 0.20583333333333334,
      "format_match_rate": 0.9216666666666666,
      "gengo_match_rate": 0.5700000000000001
    },
    "2": {
      "num_samples": 4,
      "full_match_rate": 0.03916666666666667,
      "tolerance_match_rate": 0.1775,
      "format_match_rate": 0.8166666666666667,
      "gengo_match_rate": 0.48833333333333334
    },
    "3": {
      "num_samples": 4,
      "full_match_rate": 0.030833333333333338,
      "tolerance_match_rate": 0.17333333333333334,
      "format_match_rate": 0.8366666666666666,
      "gengo_match_rate": 0.5058333333333334
    }
  }
}