{
  "average_scores": {
    "full_match_rate": 0.015555555555555557,
    "tolerance_match_rate": 0.06,
    "format_match_rate": 0.9411111111111111,
    "gengo_match_rate": 0.12888888888888886
  },
  "max_scores": {
    "full_match_rate": {
      "value": 0.02,
      "prompt_numbers": [
        "2"
      ]
    },
    "tolerance_match_rate": {
      "value": 0.06666666666666667,
      "prompt_numbers": [
        "1",
        "2"
      ]
    },
    "format_match_rate": {
      "value": 0.96,
      "prompt_numbers": [
        "1"
      ]
    },
    "gengo_match_rate": {
      "value": 0.16666666666666666,
      "prompt_numbers": [
        "2"
      ]
    }
  },
  "all_prompt_metrics": {
    "1": {
      "num_samples": 300,
      "full_match_rate": 0.013333333333333334,
      "tolerance_match_rate": 0.06666666666666667,
      "format_match_rate": 0.96,
      "gengo_match_rate": 0.12
    },
    "2": {
      "num_samples": 300,
      "full_match_rate": 0.02,
      "tolerance_match_rate": 0.06666666666666667,
      "format_match_rate": 0.9266666666666666,
      "gengo_match_rate": 0.16666666666666666
    },
    "3": {
      "num_samples": 300,
      "full_match_rate": 0.013333333333333334,
      "tolerance_match_rate": 0.04666666666666667,
      "format_match_rate": 0.9366666666666666,
      "gengo_match_rate": 0.1
    }
  }
}