{
  "average_scores": {
    "full_match_rate": 0.007777777777777777,
    "tolerance_match_rate": 0.050555555555555555,
    "format_match_rate": 0.9230555555555556,
    "gengo_match_rate": 0.3511111111111111
  },
  "max_scores": {
    "full_match_rate": {
      "value": 0.008333333333333333,
      "prompt_numbers": [
        "2",
        "3"
      ]
    },
    "tolerance_match_rate": {
      "value": 0.051666666666666666,
      "prompt_numbers": [
        "3"
      ]
    },
    "format_match_rate": {
      "value": 0.9666666666666668,
      "prompt_numbers": [
        "1"
      ]
    },
    "gengo_match_rate": {
      "value": 0.4191666666666667,
      "prompt_numbers": [
        "1"
      ]
    }
  },
  "all_prompt_metrics": {
    "1": {
      "num_samples": 4,
      "full_match_rate": 0.006666666666666667,
      "tolerance_match_rate": 0.05,
      "format_match_rate": 0.9666666666666668,
      "gengo_match_rate": 0.4191666666666667
    },
    "2": {
      "num_samples": 4,
      "full_match_rate": 0.008333333333333333,
      "tolerance_match_rate": 0.049999999999999996,
      "format_match_rate": 0.91,
      "gengo_match_rate": 0.31250000000000006
    },
    "3": {
      "num_samples": 4,
      "full_match_rate": 0.008333333333333333,
      "tolerance_match_rate": 0.051666666666666666,
      "format_match_rate": 0.8925000000000001,
      "gengo_match_rate": 0.32166666666666666
    }
  }
}