{
  "average_scores": {
    "full_match_rate": 0.053888888888888896,
    "tolerance_match_rate": 0.14194444444444446,
    "format_match_rate": 1.0
  },
  "max_scores": {
    "full_match_rate": {
      "value": 0.05500000000000001,
      "prompt_numbers": [
        "1"
      ]
    },
    "tolerance_match_rate": {
      "value": 0.14666666666666667,
      "prompt_numbers": [
        "2"
      ]
    },
    "format_match_rate": {
      "value": 1.0,
      "prompt_numbers": [
        "1",
        "2",
        "3"
      ]
    }
  },
  "all_prompt_metrics": {
    "1": {
      "num_samples": 4,
      "full_match_rate": 0.05500000000000001,
      "tolerance_match_rate": 0.14250000000000002,
      "format_match_rate": 1.0
    },
    "2": {
      "num_samples": 4,
      "full_match_rate": 0.055,
      "tolerance_match_rate": 0.14666666666666667,
      "format_match_rate": 1.0
    },
    "3": {
      "num_samples": 4,
      "full_match_rate": 0.051666666666666666,
      "tolerance_match_rate": 0.1366666666666667,
      "format_match_rate": 1.0
    }
  }
}