{
  "average_scores": {
    "full_match_rate": 0.19444444444444445,
    "tolerance_match_rate": 0.2722222222222222,
    "format_match_rate": 0.9944444444444445
  },
  "max_scores": {
    "full_match_rate": {
      "value": 0.19666666666666666,
      "prompt_numbers": [
        "2"
      ]
    },
    "tolerance_match_rate": {
      "value": 0.27666666666666667,
      "prompt_numbers": [
        "3"
      ]
    },
    "format_match_rate": {
      "value": 0.9966666666666667,
      "prompt_numbers": [
        "3"
      ]
    }
  },
  "all_prompt_metrics": {
    "1": {
      "num_samples": 300,
      "full_match_rate": 0.19333333333333333,
      "tolerance_match_rate": 0.26666666666666666,
      "format_match_rate": 0.9933333333333333
    },
    "2": {
      "num_samples": 300,
      "full_match_rate": 0.19666666666666666,
      "tolerance_match_rate": 0.2733333333333333,
      "format_match_rate": 0.9933333333333333
    },
    "3": {
      "num_samples": 300,
      "full_match_rate": 0.19333333333333333,
      "tolerance_match_rate": 0.27666666666666667,
      "format_match_rate": 0.9966666666666667
    }
  }
}