{
  "average_scores": {
    "full_match_rate": 0.03638888888888889,
    "tolerance_match_rate": 0.14333333333333334,
    "format_match_rate": 0.9997222222222222
  },
  "max_scores": {
    "full_match_rate": {
      "value": 0.03916666666666667,
      "prompt_numbers": [
        "2"
      ]
    },
    "tolerance_match_rate": {
      "value": 0.15416666666666667,
      "prompt_numbers": [
        "3"
      ]
    },
    "format_match_rate": {
      "value": 1.0,
      "prompt_numbers": [
        "2",
        "3"
      ]
    }
  },
  "all_prompt_metrics": {
    "1": {
      "num_samples": 4,
      "full_match_rate": 0.0325,
      "tolerance_match_rate": 0.1325,
      "format_match_rate": 0.9991666666666666
    },
    "2": {
      "num_samples": 4,
      "full_match_rate": 0.03916666666666667,
      "tolerance_match_rate": 0.14333333333333334,
      "format_match_rate": 1.0
    },
    "3": {
      "num_samples": 4,
      "full_match_rate": 0.0375,
      "tolerance_match_rate": 0.15416666666666667,
      "format_match_rate": 1.0
    }
  }
}