{
  "average_scores": {
    "full_match_rate": 0.05333333333333334,
    "tolerance_match_rate": 0.12666666666666668,
    "format_match_rate": 1.0
  },
  "max_scores": {
    "full_match_rate": {
      "value": 0.056666666666666664,
      "prompt_numbers": [
        "2",
        "3"
      ]
    },
    "tolerance_match_rate": {
      "value": 0.13666666666666666,
      "prompt_numbers": [
        "3"
      ]
    },
    "format_match_rate": {
      "value": 1.0,
      "prompt_numbers": [
        "1",
        "2",
        "3"
      ]
    }
  },
  "all_prompt_metrics": {
    "1": {
      "num_samples": 300,
      "full_match_rate": 0.04666666666666667,
      "tolerance_match_rate": 0.11666666666666667,
      "format_match_rate": 1.0
    },
    "2": {
      "num_samples": 300,
      "full_match_rate": 0.056666666666666664,
      "tolerance_match_rate": 0.12666666666666668,
      "format_match_rate": 1.0
    },
    "3": {
      "num_samples": 300,
      "full_match_rate": 0.056666666666666664,
      "tolerance_match_rate": 0.13666666666666666,
      "format_match_rate": 1.0
    }
  }
}