{
  "average_scores": {
    "full_match_rate": 0.4833333333333334,
    "tolerance_match_rate": 0.52,
    "format_match_rate": 0.6900000000000001
  },
  "max_scores": {
    "full_match_rate": {
      "value": 0.49333333333333335,
      "prompt_numbers": [
        "1"
      ]
    },
    "tolerance_match_rate": {
      "value": 0.5233333333333333,
      "prompt_numbers": [
        "1"
      ]
    },
    "format_match_rate": {
      "value": 0.7166666666666667,
      "prompt_numbers": [
        "2"
      ]
    }
  },
  "all_prompt_metrics": {
    "1": {
      "num_samples": 300,
      "full_match_rate": 0.49333333333333335,
      "tolerance_match_rate": 0.5233333333333333,
      "format_match_rate": 0.69
    },
    "2": {
      "num_samples": 300,
      "full_match_rate": 0.48,
      "tolerance_match_rate": 0.52,
      "format_match_rate": 0.7166666666666667
    },
    "3": {
      "num_samples": 300,
      "full_match_rate": 0.4766666666666667,
      "tolerance_match_rate": 0.5166666666666667,
      "format_match_rate": 0.6633333333333333
    }
  }
}