{
  "average_scores": {
    "full_match_rate": 0.5666666666666665,
    "tolerance_match_rate": 0.6122222222222222,
    "format_match_rate": 0.7844444444444445
  },
  "max_scores": {
    "full_match_rate": {
      "value": 0.57,
      "prompt_numbers": [
        "2",
        "3"
      ]
    },
    "tolerance_match_rate": {
      "value": 0.6166666666666667,
      "prompt_numbers": [
        "2"
      ]
    },
    "format_match_rate": {
      "value": 0.7966666666666666,
      "prompt_numbers": [
        "2"
      ]
    }
  },
  "all_prompt_metrics": {
    "1": {
      "num_samples": 300,
      "full_match_rate": 0.56,
      "tolerance_match_rate": 0.6066666666666667,
      "format_match_rate": 0.7766666666666666
    },
    "2": {
      "num_samples": 300,
      "full_match_rate": 0.57,
      "tolerance_match_rate": 0.6166666666666667,
      "format_match_rate": 0.7966666666666666
    },
    "3": {
      "num_samples": 300,
      "full_match_rate": 0.57,
      "tolerance_match_rate": 0.6133333333333333,
      "format_match_rate": 0.78
    }
  }
}