{
  "average_scores": {
    "full_match_rate": 0.12444444444444445,
    "tolerance_match_rate": 0.21083333333333332,
    "format_match_rate": 0.9983333333333334
  },
  "max_scores": {
    "full_match_rate": {
      "value": 0.125,
      "prompt_numbers": [
        "2",
        "3"
      ]
    },
    "tolerance_match_rate": {
      "value": 0.2175,
      "prompt_numbers": [
        "3"
      ]
    },
    "format_match_rate": {
      "value": 0.9983333333333333,
      "prompt_numbers": [
        "1",
        "2",
        "3"
      ]
    }
  },
  "all_prompt_metrics": {
    "1": {
      "num_samples": 4,
      "full_match_rate": 0.12333333333333335,
      "tolerance_match_rate": 0.20416666666666666,
      "format_match_rate": 0.9983333333333333
    },
    "2": {
      "num_samples": 4,
      "full_match_rate": 0.125,
      "tolerance_match_rate": 0.21083333333333332,
      "format_match_rate": 0.9983333333333333
    },
    "3": {
      "num_samples": 4,
      "full_match_rate": 0.125,
      "tolerance_match_rate": 0.2175,
      "format_match_rate": 0.9983333333333333
    }
  }
}