{
  "average_scores": {
    "full_match_rate": 0.20444444444444446,
    "tolerance_match_rate": 0.26666666666666666,
    "format_match_rate": 0.9933333333333333
  },
  "max_scores": {
    "full_match_rate": {
      "value": 0.20666666666666667,
      "prompt_numbers": [
        "2"
      ]
    },
    "tolerance_match_rate": {
      "value": 0.26666666666666666,
      "prompt_numbers": [
        "1",
        "2",
        "3"
      ]
    },
    "format_match_rate": {
      "value": 0.9933333333333333,
      "prompt_numbers": [
        "1",
        "2",
        "3"
      ]
    }
  },
  "all_prompt_metrics": {
    "1": {
      "num_samples": 300,
      "full_match_rate": 0.20333333333333334,
      "tolerance_match_rate": 0.26666666666666666,
      "format_match_rate": 0.9933333333333333
    },
    "2": {
      "num_samples": 300,
      "full_match_rate": 0.20666666666666667,
      "tolerance_match_rate": 0.26666666666666666,
      "format_match_rate": 0.9933333333333333
    },
    "3": {
      "num_samples": 300,
      "full_match_rate": 0.20333333333333334,
      "tolerance_match_rate": 0.26666666666666666,
      "format_match_rate": 0.9933333333333333
    }
  }
}